시도,시군구,업태,주메뉴,업소명,주소,전화번호 
경남,창원시,한식,"낙지전골, 낙지복음",낙지천하,의창구 북면 신촌 본포로32,055-255-0885
경남,창원시,한식,감자탕,통뼈감자탕북면감계점,의창구 북면 감계로110번길58,055-231-0188
경남,창원시,한식,"추어탕,다슬기탕",가마솥추어탕,의창구 북면 천주로 1019-22 (1층),055-298-3555
경남,창원시,한식,전골류,가야골뚝배기,"의창구 의창대로54번길 5-13 (팔용동,코코빌딩1층101호)",055-255-3777
경남,창원시,한식,"어탕국수,메기매운탕",경호강메기탕,의창구 창이대로85번길 5 (명서동),055-283-7669
경남,창원시,한식,오리불고기정식,솔밭목장,"의창구 창원대로397번길 8-9 (팔용동,한미코보스텔2층205호)",055-277-0431
경남,창원시,중식,중화요리,국일성,"의창구 의안로31번길 26 (중동,1층)",055-255-3588
경남,창원시,중식,중화요리,금화,의창구 의창대로 450,055-273-1864
경남,창원시,한식,대게,기장대게,"의창구 원이대로579번길 24 (용호동,101호)",055-264-3300
경남,창원시,일식,"초밥,생선회",남해일식,의창구 상남로 224-1 (신월동),055-285-8489
경남,창원시,한식,복요리,남송생복어요리,"의창구 용지로153번길 4-15 (용호동,태화빌딩 2층)",055-285-5833
경남,창원시,기타,"파스타, 스테리크",다이닝팩토리,"의창구 원이대로579번길 10 (용호동,2층1호)",055-287-3147
경남,창원시,한식,찌게류,놀부부대찌개도계점,의창구 도계로 67 청학상가빌라 105-106호(도계동),055-277-4936
경남,창원시,한식,갈비살,대가집숯불갈비,"의창구 금강로355번길 8 (소계동,29)",055-293-4946
경남,창원시,한식,생선회,동승회센타,"의창구 봉곡로111번길 8 (봉곡동,동승상가지하1층)",055-265-1109
경남,창원시,한식,해물탕,동해해물탕,"의창구 의안로31번길 6 (중동,1층)",055-298-9904
경남,창원시,한식,흑염소구이,송림정흑염소구이,의창구 용지로169번길 11-15 (용호동),055-264-1376
경남,창원시,한식,생선회,명성식당,"의창구 우곡로217번길 24 (명서동,2층201호)",055-277-2251
경남,창원시,한식,"갈비,삼겹살",목장원명가,의창구 팔용로 494-20 (서상동),055-298-2643
경남,창원시,한식,갈비류,목장원무꼬잽비,의창구 팔용로 494-37 (서상동),055-256-6205
경남,창원시,한식,낙지,무안세발낙지,의창구 창이대로 89번길 5 (명서동),055-277-8473
경남,창원시,한식,모듬회,무진장횟집2호,"의창구 평산로 96 (팔용동,웰빙프라자 2층 214호)",055-253-3369
경남,창원시,중식,자장면,박영수손짜장,의창구 원이대로 56번길 2-75 (중동),070-7367-5516
경남,창원시,한식,삼계탕,백제계삼탕,"의창구 원이대로579번길 26 (용호동,1층)",055-261-1250
경남,창원시,한식,갈비류,봉강그린가든,의창구 동읍 동읍로 1145,055-298-2557
경남,창원시,한식,생등심,봉림정,"의창구 창원대로363번길 22-17 (팔용동,2층)",055-265-9966
경남,창원시,한식,생선회,해금강,"의창구 의창대로54번길 5-12 (팔용동,2층)",055-299-6050
경남,창원시,한식,생선회,삼천포자연산횟집,"의창구 의안로32번길 11(소답동, 상문빌라103호)",055-294-8774
경남,창원시,한식,메기탕,생초메기탕,"의창구 사화로10번길 4 (팔용동,1층)",055-294-5278
경남,창원시,한식,샤브샤브,샤브향 명곡점,"의창구 원이대로285번길 5 (봉곡동,외1필지 2층 202호)",055-265-3400
경남,창원시,한식,한정식,석정한정식,의창구 상남로 262(신월동),055-287-7000
경남,창원시,한식,갈비,설화생고기,"의창구 사림로130번길 10-12, 2층 201호 (사림동)",055-282-9404
경남,창원시,한식,생선회,성수횟집,"의창구 원이대로285번길 17 (봉곡동,1층 4호)",055-238-4140
경남,창원시,한식,"백숙,건강탕",성심농장가든,의창구 북면 온천로 775-18,055-298-4342
경남,창원시,한식,"양고기, 양꼬치",생포갈비,의창구 원이대로279번길 18 (봉곡동),055-273-9289
경남,창원시,한식,소숯불갈비,소반,"의창구 의창대로70번길 1 (팔용동,외1필지 소반빌딩 2층)",055-297-3700
경남,창원시,한식,돼지고기,수제갈비 창원중동점,"의창구 평산로185번길 48, 1,2층 (중동)",055-253-9939
경남,창원시,한식,한정식,안동명가식당,"의창구 금강로379번길 5 (소계동,1층)",055-294-1255
경남,창원시,한식,모듬회,어시장횟집,"의창구 팔용로 448, 1층 (팔용동,극동아파트상가 지하1층 1-1~1-10호)",055-297-8311
경남,창원시,한식,갈비,왕대감왕참숯갈비,"의창구 지귀로12번길 11 (봉곡동,2층 201. 202호)",055-238-9289
경남,창원시,한식,쌈밥,원조쌈밥,"의창구 원이대로 332 (대원동,더시티세븐 상업시설 1층 G-148~152호)",055-600-5240
경남,창원시,한식,갈비류,유정숯불갈비,의창구 원이대로55번길 9 (도계동),055-277-4787
경남,창원시,한식,갈비살,은행식당,의창구 창이대로113번길 12 (명서동),055-238-3465
경남,창원시,한식,감자탕,이바돔감자탕,"의창구 용지로169번길 15 (용호동,외1필지 레이크펄스 2층 201,202호)",055-261-1301
경남,창원시,한식,삼겹살,인삼생고기,"의창구 창원대로397번길 8-9 (팔용동,한미코보스텔1층101호)",055-277-8394
경남,창원시,한식,생선회,일출봉힛집,"의창구 의창대로116번길 15 (팔용동,7)",055-295-8809
경남,창원시,한식,"석쇠구이,국밥",임진각식당,의창구 팔용로 515 (팔용동),055-256-3535
경남,창원시,한식,모듬회,자갈치횟집,"의창구 원이대로285번길 19 (봉곡동,1층 101호)",055-288-9878
경남,창원시,한식,오리불고기,자생오리원,의창구 대봉로26번길 23 (봉림동),055-276-5252
경남,창원시,한식,대나무통밥,장독마을,의창구 북면 천주로 981,055-299-7766
경남,창원시,중식,중국음식,장독옛날손짜장,의창구 대산면 진산대로 424 (1층),055-293-8110
경남,창원시,한식,고기류,장수촌석쇠구이,"의창구 신월로 42 (신월동,토월복합상가 2층)",055-284-9230
경남,창원시,한식,돼지갈비,장수촌숯불갈비,"의창구 창이대로107번길 8 (명서동,덕산빌딩 1층 101호)",055-237-7078
경남,창원시,한식,아구찜,전원아구찜,"의창구 의창대로54번길 6-8 (팔용동,대심빌딩 1층)",055-297-9821
경남,창원시,한식,순대국밥,전통순대촌,의창구 북면 천주로 869,055-298-7564
경남,창원시,한식,고기요리,정운각,의창구 동읍 동읍로 622,055-299-8453
경남,창원시,한식,오리구이,주남오리궁,의창구 동읍 주남로17번길 3-10 (1층),055-252-5292
경남,창원시,한식,오리요리,주남오리알,"의창구 동읍 주남로 93-21, 1층",055-253-9067
경남,창원시,한식,찜류,중동식당,"의창구 의창대로211번길 13 (중동,1층)",055-255-5421
경남,창원시,한식,삼겹살,진미옥식당,의창구 도계로 89(도계동),055-277-9202
경남,창원시,중식,중국음식,천안문,"의창구 의창대로254번길 13 (중동, 중동토지구획정리사업지구 22B 13L외 1필지)",055-253-5085
경남,창원시,한식,감자탕,청기와감자탕등뼈집,"의창구 원이대로261번길 6-30 (봉곡동,우경프라자2층201,202호)",055-287-8000
경남,창원시,한식,꽃게탕,청기와꽃게장,의창구 상남로 214(신월동),055-264-2255
경남,창원시,한식,갈비류,청풍갈비살,의창구 북면 천주로1070,055-298-1800
경남,창원시,한식,생선회,충무활어횟집,"의창구 원이대로285번길 17 (봉곡동,1층 3호)",055-288-3133
경남,창원시,한식,생선회,통통자연산횟집,"의창구 남산로17번길 39-1 (팔용동,1층)",055-293-5955
경남,창원시,한식,"소고기, 석쇠불고기,국밥 ",판문점,"의창구 남산로17번길 50 (팔용동,1층)",055-277-3242
경남,창원시,한식,도가니탕,푸주옥,"의창구 용지로 257 (용호동,1층)",055-266-4121
경남,창원시,한식,선지국밥,할머니국밥집,"의창구 의안로49번길 31-5, 1층 (북동)",055-256-2555
경남,창원시,한식,삼계탕,함양옻닭명곡점,"의창구 원이대로 283 (봉곡동,청마빌딩 307호)",055-238-5999
경남,창원시,한식,삼계탕,함양촌닭 ,의창구 의창대로54번길 8 (팔용동),055-263-6741
경남,창원시,한식,"초밥,생선회",해궁횟집,"의창구 창원대로363번길 22-17 (팔용동,1층 101,102호)",055-265-9252
경남,창원시,한식,모듬회,해신식당,"의창구 사화로9번길 9 (팔용동,1층,2층)",055-299-3458
경남,창원시,일식,초밥,해정식당,"의창구 용지로153번길 4-25 (용호동,2층)",055-275-3518
경남,창원시,한식,민물회,해훈식당,의창구 동읍 주남로 105,055-293-7835
경남,창원시,한식,소등심,향우본가(식육식당),의창구 북면 천주로 1115 (지상1층),055-299-5254
경남,창원시,한식,생선회,회만당,의창구 소봉로7번길 17 (봉림동),055-277-8389
경남,창원시,한식,감자탕,남다른감자탕,"의창구 지귀로12번길 34 (봉곡동,수정프라자 1층 103.104호)",055-277-1288
경남,창원시,한식,"돼지갈비, 삼겹살",소정숯불갈비,의창구 도계동 399-5,055-237-6292
경남,창원시,분식,돈까스,비비돈까스,의창구 평산로 135번길21,055-282-8700
경남,창원시,한식,설렁탕,곰애,의창구 명서동 201-5,055-265-8959
경남,창원시,한식,돼지갈비,무학산숙성갈비,성산구 상남동 45-1 성원주상가4층406호,055-283-7749
경남,창원시,한식,"오리탕, 오리불고기",오리향,"성산구 안민동 34-1, 3층",055-285-3377
경남,창원시,일식,일식코스요리,매화다찌,"성산구 마디미로 38번길 11 2층 203, 204호",055-262-6363
경남,창원시,한식,생선회,가음정자연산횟집,"성산구 대정로36(가음동,가음동종합상가 지하)",055-285-4489
경남,창원시,한식,"낙지,낙지전골",갯마을낙지,"성산구 가양로124번길21-9(대방동,대방빌딩201호)",055-283-3006
경남,창원시,한식,복요리,경남복국,성산구 중앙대로95번길(중앙동 기산파라다이스217호),055-261-6840
경남,창원시,한식,국밥,경성국밥,"성산구 마디미로43번길13(상남동,남면상가 1층)",055-284-8083
경남,창원시,한식,고기,한우일번가와발해횟집,"성산구 마디미로15번길9(상남동,청송아트빌 201,202호)",055-267-7677
경남,창원시,한식,모듬회,대교횟집,성산구 삼귀로205(귀곡동) 1층,055-265-0670
경남,창원시,한식,해물탕,대미해물탕식당,성산구 증앙대로83번길 13(중앙동),055-262-5001
경남,창원시,한식,추어탕,대성추어탕,"성산구 상남로 67(상남동, 경창상가4층)",055-287-5757
경남,창원시,한식,갈비류,대풍갈비살,"성산구 마디미서로46(상남동,우진빌딩 301호)",055-266-1188
경남,창원시,한식,삼겹살,돈앤주,"성산구 중앙대로 56 (상남동 양지상가1층 101,102호)",055-274-3382
경남,창원시,한식,장어요리,돌집민물장어,"성산구 공단로 73(안민동, 미소빌딩 201호)",055-263-9252
경남,창원시,분식,샤브칼국수,등촌생고기,성산구 중앙대로95(중앙동 기산파라다이스210호),055-262-5515
경남,창원시,한식,생선회,롯데횟집,"성산구 가음로 13번길33(남양동,남양종합상가지하21-2호)",055-263-3313
경남,창원시,중식,중화요리,만다린,성산구 중앙대로39번길14(중앙동 창원호텔2층),055-283-5551
경남,창원시,한식,갈비류,목장원,"성산구 창이대로663번길 5(사파동,미남빌딩 202호)",055-262-3139
경남,창원시,한식,"밴댕이홍어,간장게장",목포밴댕이,성산구 중앙대로95(중앙동 기산파라다이스216호),055-281-8838
경남,창원시,한식,낙지,어울림자연밥상,"성산구 대정로31-7(가음동,현대상가2층)",055-261-2633
경남,창원시,한식,생선회,무진장횟집,"성산구 안민안길 30번길 1(안민동, 동양3차상가 101호)",055-267-0583
경남,창원시,한식,한우고기,비원식당,성산구 중앙대로37번길(중앙동 경남오피스텔306호),055-275-0123
경남,창원시,한식,한우구이,비음산한우관,성산구 비음로55번길36-7(토월동),055-264-9997
경남,창원시,한식,생선회,사시미도,성산구 외동반림로130번길43(중앙동 1층),055-264-6674
경남,창원시,일식,"초밥,생선회",사조참치횟집,성산구 중앙대로61번길3(중앙동 중앙상가204호),055-261-2124
경남,창원시,한식,복요리,삼포복집,성산구 용지로 78(중앙동 남선상가 2층 5호),055-281-3536
경남,창원시,한식,찜류,설향꽃게찜,"성산구 대암로40-14(남양동,동양람세스빌딩106호)",055-274-6580
경남,창원시,한식,생선회,섬진강식당,"성산구 가양로124번길13(대방동,엑스몰상가208호)",055-281-7643
경남,창원시,한식,생선회,신가음정횟집,"성산구 대정로 35번길16(가음동,연합상가1층)",055-266-5809
경남,창원시,한식,삼계탕,영양식당,"성산구 대정로138(대방동,대동훼미리코아상가402호)",055-287-9059
경남,창원시,한식,다슬기탕,옛날다슬기탕,성산구 용지로 74(중앙동 전원상가205호),055-281-6700
경남,창원시,한식,생선국,오동동부엉이집,"성산구 마디미로3번길8(상남동,청송빌딩 201호)",055-261-5103
경남,창원시,일식,일식,와사비,"성산구 마디미동로58(상남동,골든벨2빌딩 401호)",055-264-7090
경남,창원시,한식,갈비살,왕가옥,"성산구 마디미로64번길11(상남동,트윈스1빌딩 1층)",055-263-2220
경남,창원시,한식,꽃게탕,원조꽃게탕,성산구 외동반림로130번길54(중앙동 1층),055-287-9190
경남,창원시,한식,"해물찜,아구탕",해담월성찜,"성산구 대암로40-14(남양동,동양람세스빌딩101호)",055-263-0754
경남,창원시,한식,돼지고기,유한회사계경목장,성산구 상남동 마디미로63번길7,055-263-6618
경남,창원시,한식,조개및삼겹살구이,자갈마당식당,"성산구 가양로124번길 23(대방동,크리스탈빌딩101호)",055-281-9255
경남,창원시,한식,추어탕,장수정생삼겹생오리,"성산구 동산로 88  (상남동, 성원2단지상가 108호 )",055-287-7866
경남,창원시,한식,복매운탕,전주복탕,성산구 중앙대로39번길6(중앙동 제일상가 지하),055-284-0737
경남,창원시,한식,돼지갈비,㈜GSB창원상남지점,"성산구 원이대로692(상남동,시민생활체육관 1층)",055-287-3003
경남,창원시,한식,삼겹살,진미갈비촌,"성산구 신촌로 29(신촌동, 신촌빌딩 203호)",055-286-6665
경남,창원시,한식,장어구이,진주명가장어구이,"성산구 마디미로56번길6(상남동,하나빌딩 102호)",055-264-9050
경남,창원시,한식,생선회,창원횟집,성산구 삼귀로369(귀산동),055-264-1288
경남,창원시,한식,한우고기,천지우식당,"성산구 상남로118(상남동,씨엔엔타워 207-203호)",055-285-5757
경남,창원시,한식,굴국밥,남영미굴국밥,"성산구 마디미로64번길13(상남동,재성빌딩 102호)",055-266-5033
경남,창원시,한식,추어탕,춘향골남원추어탕,"성산구 창이대로695번길11(사파동,신촌빌딩1층)",055-262-8595
경남,창원시,한식,갈비살,우신화로구이,성산구 중앙대로81번길(중앙동 올림픽상가 1층 13호),055-281-8817
경남,창원시,한식,막창,태영생막창,"성산구 가양로124번길5-3(대방동,경남빌딩1층)",055-263-8899
경남,창원시,한식,고디탕,토담고디탕,성산구 중앙대로 37번길(중앙동 경남오피스텔301호),055-263-6682
경남,창원시,한식,뷔페,파티앤조이,"성산구 중앙대로 64(상남동, 신텍타워 301-304호)",055-261-9071
경남,창원시,중식,짜장면,푸와중국관,"성산구 마디미로64번길7(상남동,트윈스2빌딩 101호)",055-287-8888
경남,창원시,한식,생선회,풍년횟집,"성산구 창이대로692번길5(사파동,드림캐슬오피스텔 205호)",055-262-7740
경남,창원시,한식,돼지곰탕,하동원조돼지곰탕,"성산구 성주로 147  (남산동, 대우상가 103호)",055-284-2952
경남,창원시,한식,갈비살,문경약돌한우마을,"성산구 마디미로56번길10(상남동,우남빌딩 201호)",055-286-2114
경남,창원시,한식,갈비.삼겹살,함양흑돼지식육식당,"성산구 대정로132(대방동,대동훼미리코아상가401호)",055-262-1597
경남,창원시,한식,생선회,해송횟집,성산구 동산로 65번길 26-12(상남동 다모아타운3층),055-262-4456
경남,창원시,한식,삼겹살,형제식당,성산구 중앙대로 37번길(중앙동 경남오피스텔116호),055-261-1777
경남,창원시,한식,삼겹살,진동돌장어,"성산구 신촌로 21(신촌동, 유신상가2층)",055-286-1199
경남,창원시,한식,갈비,황소관갈비,"성산구 연덕로 184번길 48 (내동, 공단상가205호)",055-266-2754
경남,창원시,한식,자라요리,황포돛대자라요리식당,"성산구 상남로118(상남동,씨엔엔타워 602호)",055-282-6388
경남,창원시,한식,매운탕,흥농횟집,"성산구 상남로 89(상남동, 화신상가 208호)",055-287-2112
경남,창원시,한식,"두루치기정식,수육정식",물꽁식당,성산구 중앙대로 33,055-266-7366
경남,창원시,한식,"돼지갈비, 양갈비",하늘정원,"성산구 안민로 117번길 26(안민동, 1층)",055-285-8529
경남,창원시,한식,곰탕,서울깍두기,"성산구 연덕로 184번길 23 그라미상가 1층 107,108호",055-282-2477
경남,창원시,중식,"짜장면, 손짜장",옛날손짜장,성산구 천선동 1142 서광파크빌아파트상가동101호,055-261-7455
경남,창원시,한식,"한우갈비살, 등심",우람한우마을,성산구 원이대로682번길6,055-267-0755
경남,창원시,한식,보쌈류,이대감보쌈,성산구 삼정자로 43번길2 성산빌딩 302호,055-262-8553
경남,창원시,한식,숯불갈비,경복궁창원점㈜엔타스시스템,"성산구 중앙대로100번길 9, 2층(상남동, 리베라컨벤션(2층일부))",055-263-9955
경남,창원시,한식,소고기(등심),함흥집,마산합포구 두월동1가 8-5,055-246-2050
경남,창원시,한식,"두루치기정식,육회비빔밥",가랑식육식당,마산합포구 월영동16길 57,055-222-5332
경남,창원시,한식,순대전골,개성순대 주식회사,마산합포구 가포로 686 (덕동동 지상1층),055-222-9113
경남,창원시,한식,아구찜,고향아구찜,마산합포구 오동남3길 3,055-242-0500
경남,창원시,한식,생선회,광암식당,마산합포구 진동면 광암회단지길 2,055-271-2467
경남,창원시,일식,일식,금와,마산합포구 해안대로 359,055-222-8533
경남,창원시,한식,오리고기,길상식당,마산합포구 만날고개1길 16,055-244-3000
경남,창원시,한식,샤브샤브,아구명가,마산합포구 해안대로 334 (남성동),055-224-5544
경남,창원시,한식,활어회,나야아구,마산합포구 어시장8길 84,055-246-1514
경남,창원시,일식,초밥,노렌스시,"마산합포구 해안대로 288 (신포동1가,지상1층)",055-221-5385
경남,창원시,한식,아구찜,다정식당,마산합포구 해안대로 308,055-223-9959
경남,창원시,한식,생선회,담수정횟집,마산합포구 수산2길 75,055-243-3307
경남,창원시,한식,삼계탕,대가,마산합포구 자산삼거리로 24,055-241-6062
경남,창원시,한식,생선회,대도횟집,마산합포구 구산면 해양관광로 1953,055-244-9624
경남,창원시,한식,오리,도원오리궁,마산합포구 월영동14길14,055-221-8128
경남,창원시,한식,설렁탕,동문설렁탕,마산합포구 용마로 82,055-241-7001
경남,창원시,한식,소고기,청송,마산합포구 산호북21길 11(산호동),055-241-5132
경남,창원시,한식,감자탕,무명음식점,마산합포구 오동남3길 19,055-241-1414
경남,창원시,한식,삼계탕,백두봉삼계탕,마산합포구 문화동로 11,055-242-6969
경남,창원시,한식,해물탕,백일섭의전복예찬마산점,마산합포구 동서동로 18,055-240-6886
경남,창원시,한식,삼계탕,백제령삼계탕,마산합포구 3.15대로 383-4 ,055-248-8800
경남,창원시,한식,삼겹살,갈비&삼겹,마산합포구 중앙남3길 10 (남명세비앙 111호),055-223-3392
경남,창원시,양식,스테이크,보나베띠마산점,마산합포구 해안대로 396 (오동동),055-242-0099
경남,창원시,한식,장어구이,봉래식당,마산합포구 진동면 사동길 15,055-271-0140
경남,창원시,한식,한정식,이오정,마산합포구 문화북4길 71,055-224-2020
경남,창원시,중식,중화요리,북경성,마산합포구 동서북9길 26,055-246-2306
경남,창원시,한식,소생고기,삼도정한우한돈생고기,마산합포구 월영동6길 20,055-223-5454
경남,창원시,한식,돼지갈비,석정원숯불갈비,마산합포구 오동동14길 28,055-221-9595
경남,창원시,한식,한우,소반,마산합포구 무학로 440 (소반빌딩 2층),055-222-0044
경남,창원시,한식,버섯전골,수제갈비 해운점,마산합포구 월영동남로 22,055-243-0008
경남,창원시,한식,한정식,시골밥상,마산합포구 동서북9길 8-26,055-247-3118
경남,창원시,한식,생선회,시락한바다횟집,마산합포구 진전면 시락본동길 24,055-271-9793
경남,창원시,일식,생선초밥,신라초밥,마산합포구 오동서1길 8,055-243-3399
경남,창원시,한식,소갈비,신마산합천흑돼지황토한우,"마산합포구 월영동 16길 8 (해운동, 태백팔레스상가 103,104호)",055-222-7852
경남,창원시,한식,활어회,아라횟집,마산합포구 어시장9길 84,055-223-0088
경남,창원시,한식,삼계탕,아자방,마산합포구 3.15대로 383-1,055-248-0777
경남,창원시,중식,중화요리,영생각,마산합포구 3.15대로 182,055-246-3396
경남,창원시,양식,스테이크,올리브정원패밀리레스토랑,마산합포구 월영동4길 13 (해운동),055-248-2010
경남,창원시,분식,"칼국수,만두",유가네뽕잎칼국수,마산합포구 진동면 동전고개로 7,055-271-6024
경남,창원시,한식,장어구이,유림산천식당,마산합포구 진동면 삼진의거대로 559-1,055-271-5959
경남,창원시,한식,곱창전골,인혜돌곱창,마산합포구 교방천남길 320,055-242-7936
경남,창원시,한식,오리,장터돼지국밥,마산합포구 진북면 지산1길 37-24,055-272-0150
경남,창원시,뷔페식,부페,주식회사 유로파크,마산합포구 해안대로 51,055-224-0005
경남,창원시,한식,생선회,진동활어횟집,마산합포구 장장군로 37,055-246-1210
경남,창원시,한식,생선회,청송해변집,마산합포구 구산면 해양관광로 1285-57,055-222-8335
경남,창원시,일식,생선초밥,청해초밥,마산합포구 삼호로 35(산호동),055-244-1560
경남,창원시,한식,등심구이,판문점,마산합포구 문화의길 8,055-246-3610
경남,창원시,한식,갈비,하얀제면소,마산합포구 자산솔밭로 51,055-221-9956
경남,창원시,한식,"흑돼지 국밥,홍어삼합,명태전",한옥산에산에,마산합포구 완월북10길 5-1,055-243-3232
경남,창원시,한식,소고기구이,한우천하통일,마산합포구 진전면 팔의사로 255,055-271-9922
경남,창원시,한식,등심구이,한우촌,마산합포구 해안대로 416,055-224-1100
경남,창원시,한식,쌈밥,해송,마산합포구 동서북로14길 16,055-242-8870
경남,창원시,한식,생선회,향로봉횟집,마산합포구 중앙동로 10,055-244-2409
경남,창원시,한식,곰탕,홍화,마산합포구 동서북9길 8-17,055-246-9952
경남,창원시,한식,추어탕,황토추어탕,마산합포구 동서동2길 41,055-246-4088
경남,창원시,한식,장어구이,전망대,마산합포구 합포로 수산2길139(신포동),055-246-2121
경남,창원시,한식,충무김밥,복자할매충무김밥,마산회원구 회원동 1-23,055-241-7574
경남,창원시,한식,돼지국밥,24시 남양돼지국밥,마산회원구 합포로 286 (양덕동),055-297-0103
경남,창원시,한식,감자탕,감자꽃피는감자탕,마산회원구 율림교로 6  (양덕동),055-293-6660
경남,창원시,한식,생선회,강변횟집,마산회원구 석전동16길 25  (석전동),055-296-4444
경남,창원시,한식,보쌈,개성할머니보쌈,마산회원구 양덕로 191  (석전동),055-255-0255
경남,창원시,한식,오리,거창가든,마산회원구 송평로 170,055-231-5016
경남,창원시,한식,고기류,고령한우식육식당,마산회원구 3·15대로 490  (회원동),055-222-6936
경남,창원시,한식,갈비,고인돌,마산회원구 합성옛길 309  (합성동),055-297-9070
경남,창원시,한식,굴국밥,굴마을낙지촌 양덕점,"마산회원구 양덕옛2길 107  (석전동, 신우주상조합 104호)",055-292-5331
경남,창원시,한식,복국,금강생복집마을,마산회원구 내서읍 호원로 385-1,055-231-8427
경남,창원시,분식,칼국수,남촌칼국수,마산회원구 내서읍 삼계본동3길 65 ,055-231-5418
경남,창원시,한식,갈비,일용횟집,마산회원구 양덕남5길 12  (양덕동),055-298-3708
경남,창원시,한식,갈비,독불장군,마산회원구 내서읍 호계본동로 17-2 ,055-232-3392
경남,창원시,한식,숯불갈비,마굿들식당,마산회원구 석전동5길 46  (석전동),055-299-4928
경남,창원시,한식,삼계탕,마당있는집,마산회원구 합성옛길 238  (합성동),055-298-6351
경남,창원시,한식,돼지국밥,돈사골매실국밥,마산회원구 북성로 105  (회원동),055-253-7660
경남,창원시,한식,고기류,봄내음멸치쌈밥,"마산회원구 양덕옛2길 107  (석전동, 신우복합상가 101호)  ",055-607-6700
경남,창원시,한식,오리,부영가든,마산회원구 내서읍 구미길 26-49 ,055-231-8185
경남,창원시,한식,삼겹살,서마지기,마산회원구 내서읍 삼계3길 39-2 ,055-231-3236
경남,창원시,한식,생선회,소나무식당,마산회원구 석전동16길 32  (석전동),055-256-1696
경남,창원시,한식,갈비살,소벌민물장어,마산회원구 내서읍 호계본동로 66 ((지상1층)),055-232-3636
경남,창원시,한식,쌈밥,아구마을,마산회원구 합성서7길 15  (합성동),055-295-0629
경남,창원시,한식,"등심,갈비살",약수터가든,마산회원구 회성서1길 11  (회성동),055-232-9008
경남,창원시,한식,해장국,양평해장국(해정각),마산회원구 내서읍 삼계3길 39-4,055-232-4128
경남,창원시,한식,동태찌개,오감만족동태찌개,"마산회원구 팔용로 76  (합성동, 한일타운)",055-295-1124
경남,창원시,한식,오리양념불고기,맛있는 생오리,마산회원구 3·15대로 650  (석전동) ,055-252-5279
경남,창원시,한식,오리,오리이야기,마산회원구 합성남8길 2  (합성동) ,055-299-5253
경남,창원시,한식,"수육,탕류",옥필가,마산회원구 구암남12길 31  (구암동),055-292-4158
경남,창원시,분식,해물칼국수,왕창이해물칼국수,마산회원구 3·15대로 740  (합성동),055-294-9015
경남,창원시,한식,"꽃등심,갈비살",우람한우마을,마산회원구 내서읍 안성로 39 ,055-232-2556
경남,창원시,한식,"등심,갈비살",우장군식육식당,마산회원구 내서읍 광려천북로 198-2 ,055-232-8809
경남,창원시,한식,낙지볶음,원조할매낙지,마산회원구 마산역광장로 32  (석전동),055-255-6788
경남,창원시,한식,감자탕,이바돔감자탕 호계점,마산회원구 내서읍 호계본동로 17-2 ,055-231-9321
경남,창원시,한식,감자탕,삼계촌놈고기집,마산회원구 내서읍 삼계3길 13 ,055-231-4633
경남,창원시,한식,"훈제요리(삼겹,오리,소)",자작나무(삼계점),마산회원구 내서읍 경남대로 816 ,055-232-0392
경남,창원시,한식,숯불갈비,장원,마산회원구 양덕로 83  (양덕동),055-296-9733
경남,창원시,한식,고기류,정가네한우고집,마산회원구 양덕북17길 11  (양덕동) ,055-292-7833
경남,창원시,한식,삼겹살,정우농장생고기,마산회원구 석전동15길 28  (석전동) ,055-257-4951
경남,창원시,한식,소고기,㈜한울맘직영점,마산회원구 봉암공단로 42,055-255-0965
경남,창원시,한식,삼계탕,진고려삼계탕,마산회원구 내서읍 중리상곡로 98  ,055-232-4667
경남,창원시,한식,삼계탕,진고려삼계탕양덕점,마산회원구 양덕로 163  (양덕동) ,055-266-3561
경남,창원시,한식,갈비,참고을숯불갈비,마산회원구 양덕서8길 14  (석전동) ,055-279-1234
경남,창원시,한식,돼지갈비,천하일품,마산회원구 내서읍 광려천북로 198-2  ,055-232-9023
경남,창원시,한식,게장,천하한우,마산회원구 양덕로 109-1  (양덕동) ,055-256-3377
경남,창원시,한식,생선회,키다리횟집,마산회원구 석전동16길 27  (석전동) ,055-299-3849
경남,창원시,한식,감자탕,윤가네고기집,마산회원구 북성로 144  (회원동) ,055-248-5551
경남,창원시,한식,감자탕,통뼈감자탕석전점,"마산회원구 양덕옛2길 107  (석전동, 신우주상 103호) ",055-252-8890
경남,창원시,한식,석쇠정식,한 효 정,마산회원구 회원동3길 15  (회원동) ,055-244-8713
경남,창원시,한식,삼계탕,한방삼계탕,마산회원구 합성남8길 19  (합성동) ,055-299-0556
경남,창원시,한식,생선회,해신횟집,마산회원구 내서읍 광려천동로 6 (삼보빌딩101호),055-232-1369
경남,창원시,한식,"소고기, 갈비탕",고구려,마산회원구 두척동 455,055-232-6700
경남,창원시,한식,해물보쌈,느티나무,마산회원구 내서읍 호원로199-1,055-281-3008
경남,창원시,한식,국밥,소문난밀양돼지국밥, 마산회원구 회원동서로 11-1 (회원동),055-248-3134
경남,창원시,중식,"짜장, 짬뽕",로키마산아라랑호텔굿모닝차이나,마산회원구 마산역광장로 24,055-253-6963
경남,창원시,한식,샤브샤브,푸르미월남쌈샐러드,"마산회원구 3·15대로 744, 201호 (합성동)",055-251-7177
경남,창원시,한식,"칼국수, 해물탕",섬마을,진해구 자은동 956-1번지 1층,055-542-1020
경남,창원시,한식,"샤브샤브(한우, 닭고기, 산청흙돼지, 갈매기조개)",이코이,진해구 충장로657번길 40(장천동),055-543-0038
경남,창원시,한식,생고기,갈비도사,진해구 중원동로 60,055-544-9254
경남,창원시,한식,생고기,경주골,진해구 가주로 99,055-551-2100
경남,창원시,한식,곱창전골,곱창전문곱돌이,진해구 진해대로874번길 6-2,055-544-7080
경남,창원시,한식,샤브샤브,꽃마름샤브진해석동점,진해구 진해대로 765,055-547-6666
경남,창원시,한식,돼지국밥,원조소문난밀양돼지국밥,진해구 진해대로901번길,055-541-2552
경남,창원시,한식,부대찌개,놀부부대찌개,진해구 중원로 87,055-542-6898
경남,창원시,한식,한우,담배집,진해구 진해대로1033번길 5,055-544-9901
경남,창원시,한식,생태탕,대복식당,진해구 용재로103번길 9,055-551-2700
경남,창원시,한식,고기류,돈우명가,진해구 중원동로 38 데시앙상가 103호,055-544-6400
경남,창원시,한식,"생선회,가오리조림",동방횟집,진해구 해원로 20,055-545-0409
경남,창원시,한식,냉면,동심,진해구 충장로442번길 6,055-546-0900
경남,창원시,한식,단호박오리구이,마당있는집,진해구 냉천로 149-7,055-544-6789
경남,창원시,한식,돼지갈비,목우언덕,진해구 청안로 60,055-551-9220
경남,창원시,한식,생선구이,못대,진해구 석동로59번길 6-9,055-544-3777
경남,창원시,한식,낙지,무교동낙지(용원점),진해구 만금로 19,055-552-6800
경남,창원시,한식,생선회,미락정,진해구 속천로 9 (제황산동),055-546-4750
경남,창원시,한식,복요리,미락정복집,진해구 용원로102번길 9-1,055-552-0028
경남,창원시,한식,생선회,발해,진해구 진해대로 917,055-551-8866
경남,창원시,한식,갈비,백우숯불갈비,진해구 백구로 38-1,055-545-3475
경남,창원시,한식,산채비빔밥,산채한정식,진해구 석동로59번길 16,055-543-7966
경남,창원시,한식,정식코스,청아한,진해구 천자로 419,055-544-9339
경남,창원시,한식,족발,삼도왕족발보쌈,진해구 중원동로 84,055-545-8747
경남,창원시,한식,정식,석동골,진해구 석동로59번길 21,055-544-9700
경남,창원시,한식,갈비,석청,진해구 이동로40번길 24,055-551-9696
경남,창원시,한식,생선회,소나무집,진해구 자은로40번길 18-1,055-552-3068
경남,창원시,한식,낙지전골,소죽도갯마을산낙지마당,진해구 충장로426번길 8,055-544-3030
경남,창원시,한식,갈비,송원왕갈비,진해구 용원동로 310,055-552-1381
경남,창원시,한식,"꽃게찜,게",수어지,진해구 동진로 55,055-542-1930
경남,창원시,한식,삼겹살,숯불한판석동점,진해구 석동로59번길 8,055-552-9558
경남,창원시,한식,백숙,시루봉가든,진해구 자은로88번길 5,055-545-5388
경남,창원시,한식,아구해물찜,신라아구찜,진해구 진해대로874번길,055-543-5558
경남,창원시,한식,"회,매운탕",어풍수산,진해구 진희로 19,055-542-2991
경남,창원시,한식,곰탕,용원꼬리곰탕,진해구 안골로277번길 11,055-551-2827
경남,창원시,한식,"소,돼지숯불구이",수제국수,진해구 진해대로975번길 7-7,055-542-2200
경남,창원시,한식,돼지갈비,우송식당,진해구 진해대로902번길 6,055-551-9293
경남,창원시,한식,보쌈,원할머니보쌈진해석동점,진해구 충장로 445번길 20-1 2층(이동),055-544-5382
경남,창원시,한식,삼겹살,이가숯불갈비,진해구 풍호로 15 (여명빌라 102호),055-547-2606
경남,창원시,한식,생선회,일미초밥,진해구 백구로 13,055-545-4555
경남,창원시,한식,"구이류,국밥",임진각,진해구 진해대로970번길 9,055-543-2121
경남,창원시,중식,중식,천안문쌀짜장,진해구 태평로 103,055-551-1910
경남,창원시,한식,생선회,와비사비회센타,진해구 어은로 37,055-545-6882
경남,창원시,한식,갈비,천자봉가든,진해구 웅천로 155,055-545-9955
경남,창원시,한식,생선회,청해횟집,진해구 용원동로 238-9,055-543-8478
경남,창원시,한식,돼지갈비,팔각정,진해구 편백로7번길 3,055-542-1553
경남,창원시,한식,오리바베큐,하늘땅,진해구 진해대로728번길 7,055-541-5252
경남,창원시,한식,구이류,금화정한우랑,진해구 용재로 22,055-543-8833
경남,창원시,한식,생갈비,한우마을식육식당,진해구 진해대로979번길 27,055-552-2888
경남,창원시,한식,식육(숯불구이),토우식육식당,진해구 백구로 75(에덴상가빌라 101호),055-544-6763
경남,창원시,분식,냉면,함흥면옥,진해구 냉천로 29,055-542-1040
경남,창원시,한식,갈비,화로이참숯구이,진해구 용재로 26,055-547-1888
경남,창원시,뷔페식,뷔페,황실부페,진해구 태평로34번길 11,055-547-9000
경남,창원시,한식,초심삼겹살,초심,진해구 충장로575번길 36 (풍호동),055-547-2248
경남,창원시,한식,돼지모듬,훔친갈비진해점,"진해구 진해대로1046번길 8, 2층 (풍호동)",055-542-9233
경남,창원시,한식,매실황태불고기,현이네 황태집,"진해구 석동로59번길 39-1, 1층 (석동)",055-543-9696
경남,창원시,한식,한우구이,진해농협한우정,"진해구 진해대로776번길 28, B동 2층 (석동, 하나로마트)",055-541-5206
경남,진주시,한식,"소고기국밥, 육회비빔밥",제일식당,중앙시장길 29-2 (대안동),055-741-5591
경남,진주시,한식,"백숙, 삼계탕",진주집,판문오동길 11 (판문동),055-746-3771
경남,진주시,한식,"곰탕, 수육",육거리곰탕,"망경로 303 (강남동,1층)",055-757-6969
경남,진주시,한식,"설렁탕, 수육",서울설렁탕,남강로659번길 13-2 (본성동),055-745-6004
경남,진주시,한식,"삼계탕, 찜닭",원주특수통닭,"남강로659번길 16 (동성동,1층)",055-741-7055
경남,진주시,한식,추어탕,진명가촌남원추어탕,"솔밭로 146 (상대동,1층)",055-754-1003
경남,진주시,한식,비빔밥,천년의비빔밥,"강남로 231 (칠암동,1층)",055-762-2389
경남,진주시,한식,"냉면, 소갈비",더하우스갑을,"남강로 519 (신안동, 외1필지 갑을가든 A동 1층일부,2층일부)",055-742-9292
경남,진주시,일식,"생선회, 물회",회초랑,"강남로 163-1 (칠암동,1층)",055-753-8858
경남,진주시,분식,"김밥, 돈까스",대호김밥식당,중앙시장길 29-14 (대안동),055-741-8869
경남,진주시,분식,"만두, 돈까스",태산만두2,"촉석로186번길 8-1 (중안동,번지(2층))",055-742-0040
경남,진주시,한식,"삼계탕, 옻닭",금산그때그집식당,금산면 월아산로1929번길 4 (1층),055-761-2428
경남,진주시,한식,"냉면, 수육",사천냉면,"강남로177번길 17 (칠암동,1,2층)",055-753-3075
경남,진주시,한식,숯불갈비 ,백두숯불갈비,돗골로 139 (상대동),055-762-6653
경남,진주시,한식,한정식 ,촉석루,"천수로 301 (신안동,1,2층)",055-747-5431
경남,진주시,한식,돌솥밥,미미영양돌솥밥,"비봉로62번길 5-1 (계동,(1.2.3층))",055-741-4114
경남,진주시,한식,"돼지생갈비, 된장국수",금정참숯생갈비,"대신로231번길 8 (상대동,번지(1층))",055-757-8292
경남,진주시,한식,복요리,대복식당,"돗골로7번길 12 (상평동,1층)",055-755-9446
경남,진주시,일식,"생선회, 초밥",어원식당,진양호로532번길 14 (동성동),055-743-5876
경남,진주시,중식,중화요리,용경협,"망경로297번길 13 (강남동, 1층)",055-753-2958
경남,진주시,한식,"찌개류, 돈까스 등",두성유통(주)문산휴게소,문산읍 남해고속도로 195,055-761-2820
경남,진주시,한식,"콩나물국밥, 설렁탕",옛서울설렁탕,"돗골로 141 (상대동,1층)",055-757-5727
경남,진주시,한식,돼지갈비,수목원가든,이반성면 대천길155번길 17,055-758-1664
경남,진주시,한식,숯불갈비 ,민속삼삼숯불갈비,진성면 동부로 1355,055-754-3392
경남,진주시,중식,중화요리,만리장성,"평거로14번길 2 (평거동,2층)",055-747-6780
경남,진주시,한식,"돼지갈비, 소갈비, 갈비탕",가야숯불가든,대신로116번길 7 (상평동),055-759-1889
경남,진주시,한식,"생갈비, 돌솥비빔밥",송원한우촌,문산읍 동부로 804 (1층),055-761-9998
경남,진주시,일식,각종 회,망경횟집,망경로275번길 3-1 (망경동),055-762-2808
경남,진주시,한식,냉면,은천칡냉면,"남강로 497-2 (신안동,1층)",055-743-2030
경남,진주시,한식,"청국장, 정식",성아콩세상웰빙밥상,"진주대로920번길 11-6 (칠암동,번지(2층))",055-755-5571
경남,진주시,한식,숯불갈비 ,한림정가든,사봉면 동부로 1865 (1층),055-761-7752
경남,진주시,한식,"수육정식, 냉면",다들,"비봉로24번길 6-1 (중안동,1층)",055-748-5048
경남,진주시,한식,한정식 ,아리랑한정식,"남강로471번길 5 (신안동,1층)",055-748-4556
경남,진주시,일식,복요리,장원복집,"돗골로8번길 8 (상평동,1층)",055-762-8885
경남,진주시,한식,"소고기, 돼지고기, 오리생고기",국빈,"말티고개로 122 (하대동,1층)",055-757-5658
경남,진주시,한식,돼지갈비,황제,"모덕로96번길 8 (상대동,1층)",055-759-5303
경남,진주시,한식,돼지갈비,대성가든,진성면 동부로 1376 (나동     2층),055-758-5233
경남,진주시,한식,"불고기, 생고기정식, 생선구이정식",담소원,"비봉로58번길 9 (계동,.125(1,2층))",055-742-6396
경남,진주시,한식,"냉면, 수육",진주냉면 들말점,"평거로13번길 21-1 (평거동,1.2층)",055-745-2000
경남,진주시,한식,"갈비찜, 갈비탕",소우리,"진주대로920번길 11-2 (칠암동,1층)",055-753-7070
경남,진주시,한식,"냉면, 육전",하연옥(하대점),"대신로 383 (하대동,번지(1층))",055-758-9077
경남,진주시,중식,중화요리,야래향,"평거로13번길 25 (평거동,2층)",055-762-2389
경남,진주시,한식,삼계탕,길산토종닭,집현면 진산로 879-9 (1층),055-746-9969
경남,진주시,한식,오리요리,주원산오리본가,"순환로 502 (평거동, 1층일부)",055-746-5249
경남,진주시,한식,두루치기,이정식당,"진주대로908번길 11 (칠암동,가제 A호)",055-753-2000
경남,진주시,한식,장어구이,장어구이전문점무진장,"평거로18번길 13-12 (평거동,1층)",055-759-6677
경남,진주시,한식,"닭요리, 오리요리",대원철뚝집,내동면 내축로577번길 28-24,055-756-1616
경남,진주시,일식,"생선회, 회덮밥",선학산횟집,"선학산길57번길 5 (상대동,1층)",055-755-9399
경남,진주시,한식,한정식 ,송화한정식,도동천로 82 (상대동),055-753-4443
경남,진주시,한식,소고기요리,우가촌,"평거로10번길 16 (평거동,1층)",055-746-9566
경남,진주시,기타,밀면,가야밀면,"신평공원길7번길 11 (평거동,1층)",055-748-9787
경남,진주시,한식,"소고기, 냉면, 돌솥밥",삼가한우소리,"의병로 59 (상봉동,1층)",055-744-6692
경남,진주시,한식,삼계탕,석원,문산읍 동부로 537 (번지(1층)),055-761-3367
경남,진주시,한식,"삼겹살, 석쇠불고기",형제불고기,금산면 중천로7번길 10 (1층),055-763-7654
경남,진주시,한식,"숯불돼지갈비, 냉면",고기달인,"창렬로114번길 7 (상봉동,번지(1층~2층))",055-745-0345
경남,진주시,한식,식육,삼경한우촌,문산읍 동부로 699 (2층),055-761-5330
경남,진주시,한식,"바닷가재요리(구이, 찜)",뉴욕바닷가재,"평거로40번길 12 (평거동,1층)",055-747-2728
경남,진주시,한식,"해물탕, 낙지요리",아낙촌평거점,"새들말로 76-5 (평거동, 평거동 1018(이정근) 주건축물제1 1층)",055-742-1433
경남,진주시,한식,"삼겹살, 냉면",한빈,"평거로5번길 36 (평거동,1층)",055-741-9639
경남,진주시,한식,"돼지불고기, 소불고기",뚱보화로불고기 칠암점,강남로 107 (칠암동),055-757-2888
경남,진주시,한식,순대국밥,무봉리토종순대국,대신로 403 (초전동),055-762-8533
경남,진주시,한식,"소고기, 돼지고기 ",신우각,명석면 나불로 297 (지상 1층),055-744-3339
경남,진주시,한식,"비빔밥, 떡갈비",설야,동진로 169 (상대동),055-762-0585
경남,진주시,중식,중화요리,만성각,"호탄길 25 (호탄동,1층)",055-757-4098
경남,진주시,한식,"정식, 육류",백번간바지식당,"진양호로397번길 7 (신안동,1층)",055-747-0775
경남,진주시,한식,복요리,강변복집,"남강로491번길 9 (신안동,1층)",055-747-2116
경남,진주시,한식,염소불고기,문산제일염소불고기,문산읍 월아산로 1082 (외1필지(1.2층)),055-761-7020
경남,진주시,한식,"돼지갈비, 밀면",아라숯불갈비,"평거로223번길 4-1 (이현동,1층)",055-742-5095
경남,진주시,한식,"설렁탕, 냉면",서울설렁탕,"동진로 197 (상대동,1층)",055-757-4224
경남,진주시,중식,중화요리,상하이,"동진로 28 (칠암동, M코아빌딩 1층일부(102호,103호,104호))",055-75 -8784
경남,진주시,한식,삼계탕,개성삼계탕,금산면 월아산로1440번길 22 (번지(1.2층)),055-757-3332
경남,진주시,한식,닭요리,원주특수통닭가좌점,"진주대로 596-6 (가좌동,1층일부)",055-759-4966
경남,진주시,한식,"식육(왕갈비), 냉면",낙원왕갈비,"진양호로 489 (인사동,2층)",055-742-4093
경남,진주시,한식,일식,장성,"비봉로 14 (본성동,외1필지(1층))",055-742-3334
경남,진주시,한식,"돼지갈비, 냉면",삼가한우얼수냉면,"하대로 9 (하대동,1층)",055-755-8825
경남,진주시,한식,감자탕,조마루뼈다귀,"모덕로 282 (하대동,1층)",055-755-3993
경남,진주시,한식,"돼지갈비, 소갈비",진남정식육식당,"진주대로516번길 6 (가좌동,1층)",055-762-9020
경남,진주시,한식,식육 ,망경식육식당,"망경북길 31 (망경동,1,2층)",055-752-6940
경남,진주시,한식,"오리고시, 바비큐",옛골토성,금산면 금산로 136 (1층),055-763-5299
경남,진주시,중식,중화요리,천리향,"진주대로 1226 (봉곡동, 번지(1,2층))",055-745-5005
경남,진주시,중식,중화요리,상하이,"진주대로516번길 6-1 (가좌동,번지가자상가201호(2층일부))",055-761-8784
경남,진주시,한식,"한우생갈비, 비빔밥",우리한우,"장대로51번길 4 (수정동,번지(1층일부))",055-741-2818
경남,진주시,한식,"설렁탕, 도가니탕, 수육",서울설렁탕 경상대점,"개양로 5 (가좌동,번지(1층))",055-753-9278
경남,진주시,한식,"생선회, 생선구이",초원정,"상대로 151 (하대동,번지(1층))",055-758-0015
경남,진주시,한식,"한우, 불고기",진주축산농협한우프라자,문산읍 월아산로 1089-7 (번지(2층)),055-758-9200
경남,진주시,한식,숯불갈비 ,북한강 숯불갈비,"초장로14번길 12-13 (초전동,번지(1층))",055-758-7892
경남,진주시,중식,중화요리,동백짬뽕,"솔밭로 136 (상대동,번지(1층 일부))",055-753-1402
경남,진주시,한식,"육개장, 곰탕",강가명가(진주본점),정촌면 강주길18번길 14 (1층),055-746-4766
경남,진주시,한식,"갈비탕, 곰탕, 돼지갈비",홍제원,"남강로 1171 (상평동, 외2필지 A동 1층일부)",055-762-1092
경남,진주시,한식,생선구이 ,어미정,"진주대로879번길 18 (강남동, 1층일부)",055-756-8880
경남,진주시,한식,"돼지불고기, 소불고기",뚱보화로불고기 평거점,"남강로309번길 10-9 (평거동, 2층~5층전체)",055-748-8874
경남,진주시,뷔페식,뷔페,(주)엠비씨컨벤션진주,"동진로 415 (충무공동, 진주종합운동장일부)",055-762-0200
경남,진주시,한식,찌개류,고지원시골찌개촌,"대신로308번길 5-2 (상대동, 1층)",055-761-9292
경남,진주시,한식,"연밥정식, 수육",금채,정촌면 대축길237번길 13 (1층),055-754-0067
경남,진주시,기타,커리,아그라,"남강로309번길 52, 301호 (평거동, 다모아2빌딩 )",055-747-5005
경남,진주시,한식,"오리백숙, 오리수육",감나무집,"남강로 511-1 (신안동, 1층)",055-744-5288
경남,진주시,한식,떡갈비,장시,금산면 중천로39번길 24-8 (1층),055-752-5885
경남,진주시,일식,"생선회, 초밥",태원,"강남로 287 (강남동,번지 영창빌딩 102호(지상 1층))->초전북로39번길 5-7, 1층일부",055-761-2244
경남,진주시,한식,두루치기,두루춘풍,문산읍 월아산로1002번길 3 (1층),055-762-1924
경남,진주시,한식,냉면,진주냉면 ,"모덕로47번길 1-2 (상대동,1층)",055-758-2210
경남,진주시,한식,오리불고기,타짜오리하우스,"강남로227번길 7 (칠암동,외1필지(1,2,3층일부))",055-758-2240
경남,진주시,한식,식육,모심한우식육식당,금산면 금산순환로 61 (1층),055-753-6873
경남,통영시,한식,복어취급,호동식당,새터길 49 (서호동),055-645-3138
경남,통영시,한식,복요리,남옥식당,통영해안로 221 (서호동),055-643-2551
경남,통영시,한식,해물뚝배기,미주뚝배기,"통영해안로 227-2, 지상2층 (서호동, 외 1필지(227-3))",055-642-0742
경남,통영시,한식,한정식,자연채한정식,봉수돌샘길 122 (봉평동),055-645-3839
경남,통영시,한식,낚지요리,서울식당,통영해안로 279-6 (항남동),055-642-6893
경남,통영시,한식,"장어요리(탕, 구이)",새풍화식당,원문로 47-1 (북신동),055-645-9214
경남,통영시,일식,"초밥, 생선회",수향,"항남3길 29, 1층 (항남동)",055-645-3052
경남,통영시,한식,돼지곱창,고성곱창,무전3길 11-9 (무전동),055-645-4011
경남,통영시,한식,"쇠고기구이, 탕",거구장,동충2길 22-3 (항남동),055-645-0029
경남,통영시,한식,한우갈비,은혜갈비,광도면 죽림4로 23-37,055-644-7621
경남,통영시,한식,고기류,미담,장좌로 106 (동호동),055-646-4563
경남,통영시,한식,"생선회,매운탕",뱃머리횟집,"욕지면 욕지일주로 87, 1층",055-643-5850
경남,통영시,한식,한정식,국일관식당,항남5길 25 (항남동),055-645-4141
경남,통영시,한식,매운탕,둥글관무전점,무전5길 11-16 (무전동),055-645-7253
경남,통영시,한식,매운탕,이화식당,무전5길 11-16 (무전동),055-645-7253
경남,통영시,한식,돼지갈비,한려숯불갈비,해방다리1길 11-5 (서호동),055-641-2234
경남,통영시,한식,복국,수정식당,항남5길 12-21 (항남동),055-644-0396
경남,통영시,한식,생선회,마리나송원횟집,"도남로 269-38, 302.303호 (도남동, 유람선터미널)",055-641-5130
경남,통영시,한식,굴요리전문,향토집,무전5길 37-41 (무전동),055-645-4808
경남,통영시,한식,"생선회,매운탕",늘푸른횟집,욕지면 욕지일주로 95-6,055-642-6777
경남,통영시,한식,"굴밥,굴요리",대풍관숯불갈비,해송정1길 19 (동호동),055-644-4446
경남,통영시,한식,삼계탕,토속삼계탕,정동4길 65 (정량동),055-642-1537
경남,통영시,한식,"매운탕,생선회,장어요리",해송회타운,통영해안로 93 (당동),055-641-6740
경남,통영시,한식,돼지갈비,진우숯불갈비,무전5길 11-17 (무전동),055-648-0882
경남,통영시,한식,복요리,통영참복,도남로 132 (도남동),055-641-4866
경남,통영시,한식,"생선회,매운탕",천지연횟집,"운하1길 46, 대영유토피아상가동 201호 (미수동)",055-644-7878
경남,통영시,한식,해물탕,영빈관,도남로 282 (도남동),055-646-8028
경남,통영시,한식,찌개류,데메골,"무전1길 64-11, 1층 (무전동)",055-644-3361
경남,통영시,한식,장어요리,장어여행,무전2길 34-18 (무전동),055-648-8755
경남,통영시,한식,갈비,푸줏간갈비,"도천상가안길 73, 123~125호 (도천동, 신한토탈아파트상가)",055-643-3331
경남,통영시,한식,"생선회,매운탕",궁전횟집,"운하1길 46, 701호 (미수동, 대영유토피아)",055-646-5737
경남,통영시,한식,도가니탕,푸주옥,장좌로 55 (동호동),055-646-4534
경남,통영시,한식,"생선회,매운탕",십오야숯불장어구이,통영해안로 45 (당동),055-649-9292
경남,통영시,한식,"돼지,소갈비",동촌갈비,무전5길 37-21 (무전동),055-645-2585
경남,통영시,한식,감자탕,행복추풍령감자탕,운하1길 46 (미수동),055-649-5097
경남,통영시,한식,찜요리,용화찜,"봉수로 76, 1층 (봉평동)",055-643-0149
경남,통영시,한식,감자탕,조마루뼈다귀무전점,무전대로 43 (무전동),055-646-3655
경남,통영시,한식,생선회,새통영횟집,통영해안로 185 (도천동),055-643-2287
경남,통영시,한식,충무김밥,한려충무김밥,"원문로 39, 101호 (북신동, 조은시티즌 상가)",055-643-3300
경남,통영시,한식,"쌈밥정식,생선구이",통제원,무전8길 22-5 (무전동),055-649-0541
경남,통영시,한식,한정식,통영맛집,항남1길 15-4 (항남동),055-641-0109
경남,통영시,한식,장어요리,남부숯불장어구이,무전1길 64-9 (무전동),055-649-5454
경남,통영시,한식,고기류,모이세삼겹살,"무전5길 11-24, 1층 (무전동)",055-648-3455
경남,통영시,한식,소갈비,대가한우촌,"무전4길 22-17, 지상1층 (무전동)",055-645-8484
경남,통영시,한식,"생선회,매운탕",곤리도 횟집,"도남로 280, 지상1층 (도남동)",055-646-2644
경남,통영시,한식,충무김밥,엄마손충무김밥,통영해안로 317-3 (항남동),055-641-9144
경남,통영시,일식,"초밥,생선회",경동초밥,무전5길 11-19 (무전동),055-644-5060
경남,통영시,일식,"초밥,생선회",죽향초밥,"무전5길 11-23, 1층 (무전동, 경훈빌딩)",055-642-5999
경남,통영시,한식,감자탕,통뼈감자탕,무전대로 42 (무전동),055-643-7272
경남,통영시,일식,"복국,생선구이",남강식당,"항남5길 12-12, 1층 (서호동)",055-645-2433
경남,통영시,뷔페식,부페,해피데이뷔페,"광도면 죽림4로 8, 7층 (해피데이)",055-649-2007
경남,통영시,한식,추어탕,조바우가마솥추어탕,광도면 죽림4로 37-78,055-648-3466
경남,통영시,한식,해물탕,통영박여사해물탕,무전7길 136 (무전동),055-641-5532
경남,통영시,일식,"초밥,생선회",명궁일식,"광도면 죽림해안로 134, 1층",055-649-2882
경남,통영시,한식,고기부페,미트홈통영점,"광도면 죽림4로 23-14, 지상 1층",055-642-6616
경남,통영시,한식,한정식,늘봄식당,동호로 15-1 (정량동),055-642-0778
경남,통영시,한식,"소고기, 돼지갈비",한우정식육식당,"무전3길 22 (무전동, 외1필지)",055-644-0011
경남,통영시,한식,해물탕,항남뚝배기,무전3길 32 (무전동),055-643-4988
경남,통영시,한식,돼지갈비,보성갈비,용남면 달포큰길 18,055-644-6006
경남,통영시,한식,생선구이,통영생선구이,"용남면 동달안길 84, 나동",055-646-6960
경남,통영시,한식,생선구이정식,통영바다마을,항남3길 25 (항남동),055-643-9293
경남,통영시,한식,"생선회,매운탕",돌고래횟집,"광도면 죽림5로 30, 3호",055-648-5224
경남,통영시,한식,굴요리전문,통굴가,항남1길 28 (항남동),055-645-2088
경남,통영시,한식,"돼지갈비, 소갈비",박대감,"광도면 죽림해안로 152, 지상1층",055-649-0092
경남,사천시,기타,"활어회, 낚지볶음",진주집,사남면 사천대로 1589-23,055-853-1620
경남,사천시,기타,"냉면, 육전",원조사천냉면,사천읍 사천대로 1852,055-852-6200
경남,사천시,기타,"탕수육, 쟁반짜장",길림성,신항로 99 (벌리동),055-832-9898
경남,사천시,기타,"중화요리, 콩국수",청운각,팔포3길 10 (서금동),055-832-5860
경남,사천시,기타,"삼겹살, 가브리살",화우돈가,신항로 84 (향촌동),055-832-9220
경남,사천시,기타,"참복국, 복매운탕",풍년복집,수남길 82 (동동),055-832-8909
경남,사천시,기타,"복국, 복매운탕",진사복집,사천읍 평화길 43,055-855-1229
경남,사천시,한식,"추어탕, 메기탕",삼천포추어탕,남일로 128-1 (향촌동),055-832-6489
경남,사천시,한식,"장어구이, 영양돌솥밥",대영장어,숲뫼1길 41 (향촌동),055-832-3188
경남,사천시,기타,"생삽겹살, 김치찌개",신한일식당,용현면 선진길 353,055-854-8841
경남,사천시,한식,"냉면, 갈비탕",원산면옥,사천읍 사천대로 1882,055-854-8881
경남,사천시,한식,"메기탕, 참메탕",민물고기식당,용현면 진삼로 633-18,055-834-1255
경남,사천시,기타,"한우, 흑돼지",지리산마천흑돼지,벌리7길 15 (벌리동),055-835-5385
경남,사천시,기타,"복국, 복매운탕",장수복어,"동금2길 15, 가동 18,19호 (동금동, 경남아파트)",055-833-7771
경남,사천시,한식,"장어구이, 장어매운탕",실안장어촌,해안관광로 28-5 (실안동),055-835-3735
경남,사천시,한식,"참게메기탕, 붕어찜",두량할매집,용현면 장송1길 25,055-834-1236
경남,사천시,기타,"삼겹살, 양념갈비",조선비식육숯불갈비,벌리7길 7 (벌리동),055-832-9929
경남,사천시,기타,"생선회, 매운탕",소문난자연산횟집,목섬길 89 (서금동),055-832-6770
경남,사천시,기타,"삼계탕, 돌솥밥",고구려삼계탕돌솥밥,사천읍 수양로 24,055-852-1900
경남,사천시,기타,"소고기등심, 제주흑돼지",경복궁숯불갈비,벌리7길 14 (벌리동),055-833-4377
경남,사천시,한식,"석쇠불고기, 꼬리곰탕",송화관,용현면 사천대로 1389,055-854-8118
경남,사천시,기타,"감자탕, 통뼈찜",통뼈감자탕,사천읍 옥산로 67,055-852-8801
경남,사천시,기타,"오리불고기, 오리백숙",남양토담오리,진삼로 194 (죽림동),055-835-9292
경남,사천시,한식,"월남쌈, 샤브샤브",샤브향사천점,사천읍 사주길 81,055-852-6009
경남,사천시,한식,"한정식, 소고기전골",아나정고기한점,벌리5길 29 (벌리동),055-833-1454
경남,사천시,기타,"오리더덕요리, 오리야채불고기",산마루,새고개길 97-16 (동림동),055-832-5266
경남,사천시,기타,"설렁탕, 석쇠불고기",서울설렁탕사천점,사천읍 사주길 11,055-855-4224
경남,사천시,기타,"한우갈비살, 한우특수부위",숲뫼정,숲뫼1길 102 (향촌동),055-835-9595
경남,사천시,한식,"돼지국밥, 수육",초당돼지국밥,사남면 진삼로 1098,055-852-8882
경남,사천시,기타,"한우특수부위, 갈비탕",삼대한우마을,사천읍 동문1길 45,055-852-9711
경남,사천시,한식,"한우갈비살, 갈비탕",정한우,문선7길 15 (벌리동),055-832-1331
경남,사천시,기타,"생선회, 매운탕",제주도횟집,서포면 구송로 3,055-853-4122
경남,사천시,기타,"오리고기, 추어탕",덕수궁,사남면 병둔3길 92,055-853-5292
경남,사천시,기타,"삼겹살, 양념갈비",만성식당,한내3길 4-3 (선구동),055-833-5425
경남,사천시,기타,"한우갈비살, 한우갈비탕",늘품한우,사천읍 사천대로 2024,055-853-9966
경남,사천시,한식,"한우생갈비, 삼겹살",아리랑,사천읍 사주길 41-12,055-854-9400
경남,사천시,기타,"생삼겹살, 고추장불고기",우리돈,숲뫼1길 8 (향촌동),055-834-5566
경남,사천시,한식,"삼겹살, 김치찌개",고쌈,안숲뫼길 38 (향촌동),055-833-7744
경남,사천시,한식,"용궁밥상, 한정식전문",별주부전,"서포면 구송로 16, 1, 2층층",055-855-6308
경남,사천시,한식,"오겹살, 항정살",제주가,사남면 공단5로 5-3,055-853-3101
경남,사천시,양식,"센스테이크, 오이스터파스타",다이닝센삼천포점,"주공로 41, 3층 (벌리동)",055-835-5200
경남,사천시,기타,"차돌박이, 삼겹살",차돌박이,벌리9길 8 (벌리동),055-852-8259
경남,사천시,기타,"봉달국밥, 순대국밥",봉달국밥,사남면 공단5로 5-1,055-853-8282
경남,사천시,한식,"김치찌개, 된장찌개",고갯마루,축동면 인절미고갯길 10,055-855-4066
경남,사천시,기타,"생선회, 개불",아그집,노을길 138 (실안동),055-834-8243
경남,사천시,양식,"목살필라프, 수제돈까스",파피쉪,사천읍 구암두문로 163,055-854-1188
경남,사천시,한식,"해물탕, 산낙지볶음",지명전골,"사천읍 사천읍성로 20, 1층",055-854-5775
경남,사천시,한식,"장어구이, 장어매운탕",기룡정장어구이,노을길 132 (실안동),055-832-5568
경남,사천시,기타,양념쪽갈비,덤앤덤쪽갈비,주공로 11 (벌리동),055-833-9283
경남,사천시,기타,"오리불고기, 오리백숙",청솔오리전문점,죽계길 84-22 (죽림동),055-835-5252
경남,김해시,한식,"소갈비, 등심",(주)외식명가 오립스,김해대로1765번길 14 (삼계동),055-326-0006
경남,김해시,한식,복국,가람생복,내덕로108번길 16 (내덕동),055-324-6542
경남,김해시,한식,한우,가야마루,인제로51번길 6 (어방동),055-331-8892
경남,김해시,한식,감자탕,가얏골감자탕,"인제로39번길 12-23 (어방동,외1)",055-322-8834
경남,김해시,한식,삼계탕,갑오삼계탕,"삼문로 6, 1,2층 (대청동)",055-331-3389
경남,김해시,한식,순대,개성순대,대청로104번길 82 (대청동),055-314-9292
경남,김해시,한식,장어구이,경포장장어구이,"식만로348번길 31-1 (불암동,1.2층)",055-336-6354
경남,김해시,한식,장어구이,국보장어구이,식만로348번길 25 (불암동),055-339-6969
경남,김해시,중식,중화요리,꽁시파차이,"가야로30번길 5 (삼계동,2층)",055-314-3399
경남,김해시,한식,물회,동해일품물회국수,해반천로16번길 12-6 (구산동),055-337-1115
경남,김해시,한식,"샐러드뷔페, 스테이크",디누보뷔페김해롯데아울렛점,"장유로 469, P동 320호 (신문동, 롯데프리미엄아울렛김해점)",055-900-2795
경남,김해시,한식,곤드레밥,만드리곤드레밥,장유로 177,055-333-7892
경남,김해시,한식,한우,무척사랑한우먹거리촌,"생림면 마사로 77, 1,2층",055-335-1516
경남,김해시,한식,돼지국밥,밀양돼지국밥,인제로 91 (어방동),055-337-1790
경남,김해시,한식,"소,돼지갈비",백프로갈비,"활천로186번길 28 (어방동,외 2필지  1,2층)",055-335-0900
경남,김해시,한식,장어구이,불암정,"식만로348번길 33 (불암동,가동 1층)",055-336-5707
경남,김해시,한식,삼계탕,사헌,활천로255번길 6-12 (삼방동),055-324-6200
경남,김해시,한식,등심,생우림,"활천로36번길 34-8 (삼정동,외1필지)",055-312-6880
경남,김해시,한식,"소,돼지갈비",석정숯불갈비,"분성로 297-7 (서상동,,17)",055-327-8840
경남,김해시,일식,"생선회,초밥",석정초밥,"내외중앙로 72 (내동,스카이빌 504,505호)",055-324-9959
경남,김해시,한식,제첩국,섬진강제첩국,인제로65번길 13 (어방동),055-333-5009
경남,김해시,한식,오리구이,솔향오리농원,김해대로 1894-33 (구산동),055-332-8225
경남,김해시,한식,장어구이,솟대마을,식만로348번길 21 (불암동),055-333-6919
경남,김해시,한식,한정식,수라상,가야로527번길 10 (동상동),055-338-0335
경남,김해시,한식,"불고기,백숙",신라농원식당펜션,상동면 장척로 492,055-323-6842
경남,김해시,한식,소고기,아량,내덕로86번길 22-21,055-313-3007
경남,김해시,한식,해장국,암소마당,김해대로2529번길 42 (어방동),055-322-0833
경남,김해시,한식,"족발, 보쌈",오가네,"내외중앙로 98, 2층 (내동)",055-333-3113
경남,김해시,한식,"족발, 보쌈",오가네 부원점,"가락로 37, 1층 (부원동)",055-333-3112
경남,김해시,한식,오리고기,원지농원,주촌면 서부로1637번길 99 (외2필지),055-337-1088
경남,김해시,한식,복국,일미복요리전문점,김해대로2511번길 4 (삼정동),055-333-5600
경남,김해시,한식,생선회,장보고횟집,인제로65번길 7 (어방동),055-327-2841
경남,김해시,한식,약선한정식,정림,"가락로93번길 40 (봉황동,김해한옥체험관 주4)",055-322-4737
경남,김해시,한식,"소,돼지갈비",제왕갈비,진영읍 김해대로407번길 14-12,055-346-3392
경남,김해시,한식,곰탕,푸주옥,분성로 545 (어방동),055-332-8901
경남,김해시,한식,돼지고기,포크밸리로스트,"분성로 146 (외동,외 3필지)",055-332-0333
경남,김해시,한식,"소, 돼지갈비",풍전갈비,가락로30번길 20 (부원동),055-327-7959
경남,김해시,한식,장어구이,풍천숯불장어,식만로348번길 48 (불암동),055-339-0789
경남,김해시,한식,낙지전골,홍가낙지,인제로51번길 4 (어방동),055-328-0264
경남,김해시,일식,참치요리,히레,번화1로56번길 19 (피닉스빌딩 101호),055-312-6766
경남,밀양시,일식,생선초밥,다미초밥,북성로2길 16(내이동),055-356-3549
경남,밀양시,한식,"소갈비, 돼지갈비",대감이동갈비,시청서길 53(내이동),055-353-4274
경남,밀양시,한식,"갈비탕, 두루치기",대종가,하남읍 수산로 38,055-391-0567
경남,밀양시,한식,"순대전골, 모듬순대",도천진짜순대 얼음골점,산내면 산내로 1203,055-355-3557
경남,밀양시,일식,일식코스,동경일식,시청서1길 5-9,055-355-5772
경남,밀양시,중식,중화요리,동화반점,중앙로 408(내이동),055-354-3445
경남,밀양시,한식,"아구찜, 해물찜",등대아구찜,밀성로3길 15(내이동),055-355-7567
경남,밀양시,한식,"오리백숙, 염소불고기",미당,부북면 퇴로로 259,055-353-2388
경남,밀양시,한식,"단호박훈제구이, 양념불고기",밀양오리마을,미리벌중앙로1길 28(삼문동),055-352-5250
경남,밀양시,한식,물밀면,부산밀면,삼문동 729-12,055-356-7065
경남,밀양시,한식,"오리백숙, 닭백숙",산촌농원,상동면 금산5길 18,055-353-2775
경남,밀양시,한식,쇠고기샤브샤브,샤브향,미리벌중앙로 55(삼문동),055-351-4555
경남,밀양시,한식,삼계탕,서울삼계탕,중앙로 300-4(삼문동),055-354-6937
경남,밀양시,한식,"돼지갈비, 정식",송광가든,삼랑진읍 천태로 60,055-353-4089
경남,밀양시,한식,삼겹살,수안식육식당,무안면 무안중앙길 13,055-353-7406
경남,밀양시,한식,"내장탕, 해장국, 갈비탕",신라해장국,백민로 79(내이동),055-356-0316
경남,밀양시,한식,아구찜,신사동아구찜,중앙로 238-11(삼문동),055-355-7887
경남,밀양시,한식,장어구이,아랑식당,상동면 상동로 231,055-355-3895
경남,밀양시,한식,찜닭,안동돌판찜닭&삼계탕,백민로 54(내이동),055-355-6938
경남,밀양시,한식,"구이류, 버섯전골",안태숯불갈비,삼랑진읍 천태로 421-1,055-352-5009
경남,밀양시,한식,"소갈비, 냉면",암새들,용평로5길 184(용평동),055-351-2244
경남,밀양시,한식,염소구이,약산가든,단장면 시전2길 9-5,055-352-1420
경남,밀양시,한식,장어구이,약선민물장어,상남면 상남로 1133,055-354-7737
경남,밀양시,한식,"순두부찌개, 된장",옛날순두부집,삼랑진읍 삼랑진로 179,055-353-8574
경남,밀양시,기타,복매운탕,오복식당,터미널2길 23-1(내이동),055-353-7585
경남,밀양시,한식,"메기탕, 백숙",옥수정가든,산외면 남기동길 193,055-355-9909
경남,밀양시,한식,"삼겹살, 아구찜, 전골",용바우식당,미리벌중앙로 2길 23(삼문동),055-353-9141
경남,밀양시,한식,"오리불고기, 백숙",유성그린산장식당,삼랑진읍 행곡로 277-19,055-355-9300
경남,밀양시,한식,"생갈비, 삼겹살, 돼지갈비",육보식당,가곡7길 6-1(가곡동),055-355-3232
경남,밀양시,한식,한우갈비살,일자봉,활성로 302(활성동),055-355-3966
경남,밀양시,한식,"돼지갈비, 소갈비살",일품각 본점,석정로 75(내이동),055-356-0053
경남,밀양시,한식,"맷돌순두부, 삼색두부",입소문 맷돌 순두부,단장면 시전2길 9-11,055-353-7703
경남,밀양시,기타,"모듬회, 매운탕",자연배달횟집,중앙로 105,055-354-2508
경남,밀양시,한식,"삼겹살, 목살",제일식육식당,무안면 동부1길 7-4,055-353-2252
경남,밀양시,기타,"생선회, 매운탕",제주바당횟집,삼문로 13(삼문동),055-356-3864
경남,밀양시,한식,낙지전골,조방낙지,북성로 47(내이동),055-356-5577
경남,밀양시,한식,내육탕,종가집가든,무안면 사명로 517,055-352-2777
경남,밀양시,한식,"정식, 곰탕, 육개장",진미추어탕,중앙로 66-5(가곡동),055-354-4389
경남,밀양시,한식,"닭백숙, 염소",천태산장,삼랑진읍 행곡로 388-10,055-354-8859
경남,밀양시,한식,"메기탕, 장어구이",청수정,초동면 초하로 627,055-391-3866
경남,밀양시,한식,"흑염소불고기, 백숙",청수정가든,단장면 아불3길 26,055-353-9559
경남,밀양시,한식,생오리,청오리,노상하1길 6(내이동),055-355-1300
경남,밀양시,한식,"해물탕, 해물찜",청해 해물탕찜,시청로1길 20(내이동),055-356-2085
경남,밀양시,한식,삼계탕,큰손명가삼계탕,내이1길 32(내이동),055-356-8818
경남,밀양시,한식,"삼겹살, 돼지갈비",하원담식육식당,미리벌중앙로 57(삼문동),055-352-0081
경남,밀양시,한식,"장어곰탕, 장어구이",한방바다장어구이,상남면 예림1길 12-6,055-355-3500
경남,밀양시,한식,"삼겹살, 삼계탕",함양가든,시청로 61(내이동),055-353-3114
경남,밀양시,일식,회초밥,해오미 일식,시청서1길 9-13(내이동),055-351-1679
경남,밀양시,한식,"소, 돼지갈비",향촌식당,내일상가1길 12(내일동),055-354-2538
경남,밀양시,한식,오리고기,황토,밀양대로 2269-10,055-354-0909
경남,거제시,한식,식육(숯불구이),각산숯불갈비,거제면 거제남서로 3471 ((1층)),055-632-0392
경남,거제시,한식,식육(숯불구이),고궁식육식당,사등면 두동로 162-20,055-632-9889
경남,거제시,한식,식육(숯불구이),두리원,"거제대로 4943-8, 1~2층 (장평동)",055-632-5000
경남,거제시,한식,탕류 ,둥굴관,계룡로 178 (고현동),055-635-3775
경남,거제시,한식,한식,대성수산,"서문로 15 (고현동,외2필지(2층))",055-638-5525
경남,거제시,뷔페식,부페,웨딩블랑,"거제중앙로31길 19 (고현동,(2층))",055-632-0088
경남,거제시,한식,식육(숯불구이),다미정숯불갈비,"중곡2로5길 10 (고현동,(1층))",055-635-9296
경남,거제시,일식,회집,어촌횟집,"중곡로3길 30 (고현동,1층)",055-637-1688
경남,거제시,한식,식육(숯불구이),착한고기(거제점),계룡로 31 (상동동),055-635-2524
경남,거제시,분식,냉면집,진주면옥,"해명로 31 (수월동,(1층))",055-632-1800
경남,거제시,한식,한식,신주꾸(수월점),"수양로 454-6, 1층 (수월동)",055-637-8839
경남,거제시,한식,탕류 ,오죽헌,하청면 거제북로 647-1 ((1층)),055-638-5212
경남,거제시,일식,회집,오가횟집,"장목면 신촌길 11, 2층",055-635-8090
경남,거제시,한식,식육(숯불구이),갈비1번지,"옥포대첩로 48 (옥포동,(1층))",055-688-1458
경남,거제시,일식,회집,부일횟집,장승포로 101 (장승포동),055-681-2789
경남,거제시,한식,한식,황금고디탕,장승포로1길 11 (장승포동),055-681-5684
경남,거제시,한식,한식,그바다에 가면,능포로15길 5 (능포동),055-681-5315
경남,거제시,한식,한식,싱싱게장 거제대명점,"일운면 소동6길 15, 지하2층 B202호",055-681-5513
경남,거제시,한식,한식,박정현게장백반,장승포로 2 (장승포동),055-681-6222
경남,거제시,일식,회집,썬바다횟집,"남부면 해금강3길 15, 1층",055-634-6412
경남,거제시,일식,회집,고구려횟집,동부면 학동6길 18-1,055-636-0708
경남,거제시,일식,회집,학동해송횟집,동부면 학동6길 32,055-636-2878
경남,거제시,한식,한식,연평도꽃게간강게장,"일운면 지세포해안로 72, 3층 301호",055-682-5515
경남,거제시,일식,생선회,거제으뜸횟집,"옥포로4길 19-1, 1층 (옥포동)",055-688-2928
경남,거제시,일식,생선회,럼블피쉬,"아주로 72, 1층 (아주동)",055-687-7733
경남,거제시,일식,생선회,보람회장어구이,거제중앙로23길 16 (고현동),055-637-4500
경남,거제시,일식,생선회,소라횟집,남부면 다대5길 49,055-633-6868
경남,거제시,한식,탕류 ,오방촌한방오리,"계룡로2길 5, 1층 (상동동)",055-636-5019
경남,거제시,일식,생선회,자연횟집,중곡로1길 8-4 (고현동),055-637-1137
경남,거제시,한식,한식,지존돼지국밥,"장평1로 140 (장평동,(1층))",055-635-2568
경남,거제시,일식,생선회,청기와횟집,거제중앙로27길 15 (고현동),055-637-7276
경남,거제시,일식,생선회,청화횟집,거제중앙로13길 19 (고현동),055-637-3340
경남,거제시,한식,식육(숯불구이),하얀풍경오리,"사등면 청포1길 21, 1층",055-636-5152
경남,거제시,일식,생선회,횟집&밥집,"동부면 거제중앙로 9 (,702-3)",055-635-2602
경남,거제시,일식,생선회,해금강천년송횟집,남부면 해금강3길 17 ((2.3층)),055-632-6210
경남,거제시,한식,한식,가마솥국밥,동부면 산양리 366-5,055-632-5363
경남,거제시,일식,생선회,수평선횟집,동부면 학동6길 32-1,055-635-1478
경남,거제시,한식,한식,지중해,사등면 거제대로 5482,055-633-5543
경남,거제시,일식,생선회,청학식당,사등면 성포로3길 12-1,055-632-5017
경남,거제시,일식,생선회,용화횟집,사등면 성포리 390-21,055-632-8090
경남,거제시,일식,생선회,어부횟집,사등면 가조로4길 6 (302호),055-635-3688
경남,거제시,일식,생선회,선유도횟집,계룡로 182 (고현동),055-637-5357
경남,거제시,한식,탕류 ,밀양돼지국밥,"거제중앙로23길 6, 1층 (고현동)",0556-3264-51
경남,거제시,일식,생선회,동원횟집,서문로6길 14 (고현동),055-633-1774
경남,거제시,한식,한식,남도돼지국밥,연초면 연하해안로 724-1 ((1층)),055-632-7550
경남,거제시,일식,생선회,외포9번횟집,장목면 외포5길 64,055-636-6294
경남,거제시,일식,생선회,외포등대횟집,장목면 외포5길 68 ((1층)),055-636-6426
경남,거제시,일식,생선회,효진수산횟집,장목면 외포5길 58 (외2필지),055-636-9006
경남,거제시,일식,생선회,옥포막썰이회해물,"옥포로6길 13 (옥포동,(1층))",055-687-3666
경남,거제시,일식,생선회,바다친구,"옥포로4길 32 (옥포동,(1층)2호)",055-687-0044
경남,거제시,한식,한식,원조거제게장,장승포로 6 (장승포동),055-681-0037
경남,거제시,일식,생선회,부산횟집,일운면 구조라로 36,055-681-1346
경남,거제시,일식,생선회,명품횟집,"일운면 지세포해안로 90-6, 1층",055-682-0188
경남,거제시,일식,생선회,청포횟집,장승포로 117 (장승포동),055-681-9000
경남,거제시,일식,복어취급,복어촌,"계룡로 134 (고현동,.5(지층))",055-633-9490
경남,거제시,한식,복어취급,해양식당,신부로1길 14-1 (장승포동),055-681-2598
경남,거제시,뷔페식,경양식,씨제이푸드빌(주)빕스거제고현점,"장평로 12 (장평동,외1필지 대성산업(주)디큐브백화점 6층 13호)",055-680-0680
경남,거제시,뷔페식,부페,수협뷔페,"고현천로 52 (고현동,(2, 3층))",055-637-9661
경남,거제시,뷔페식,부페,스위띠에,"옥포대첩로 26 (옥포동, 301호,304호)",055-688-5199
경남,거제시,뷔페식,부페,계룡산숯불갈비 장승포점,"장승포로 7 (장승포동,한일비치상가(1층))",055-682-4492
경남,거제시,한식,"설렁탕, 갈비탕, 육개장",신촌설렁탕,"아주1로1길 17 (아주동, 1층)",055-682-1220
경남,거제시,한식,식육(숯불구이),사슴골 한우일미 식육식당,거제면 기성로 24 ((1층)),055-633-6886
경남,거제시,한식,식육(숯불구이),한우명가,"사등면 거제대로 5189-9 ((1,2층))",055-636-2737
경남,거제시,한식,식육(숯불구이),신정불고기,"장평1로1길 24-11 (장평동,(1, 2층))",055-636-4171
경남,거제시,한식,식육(숯불구이),유가네식탁,"동문천로 32, 1층 (고현동)",055-638-0074
경남,거제시,한식,식육(숯불구이),세야촌,"계룡로 110 (고현동,세야오피스텔(101호))",055-635-6789
경남,거제시,한식,식육(숯불구이),대가한우촌,서문로5길 24 (고현동),055-637-0056
경남,거제시,한식,식육(숯불구이),거창식육식당,서문로5길 21 (고현동),055-638-1182
경남,거제시,한식,식육(숯불구이),대원군숯불갈비,"거제중앙로31길 32-1 (고현동,(2층))",055-638-2556
경남,거제시,한식,식육(숯불구이),수원왕갈비,"거제중앙로31길 26 (고현동,(1층))",055-636-9289
경남,거제시,한식,식육(숯불구이),오리보감,"중곡1로2길 23 (고현동,(1층))",055-635-8900
경남,거제시,한식,식육(숯불구이),보리네생고깃간(고현점),"중곡2로4길 24 (고현동, 1층)",055-637-6992
경남,거제시,한식,식육(숯불구이),한우리,연초면 거제북로 27-1,055-688-6111
경남,거제시,한식,식육(숯불구이),동원갈비찜밀면,옥포중앙로 50 (옥포동),055-687-5717
경남,거제시,한식,식육(숯불구이),금농숯불갈비,"옥포로9길 6 (옥포동,(1,2층))",055-688-6114
경남,거제시,한식,식육(숯불구이),맛찬들왕소금구이 옥포점,"옥포로4길 17 (옥포동,(102호))",055-688-0607
경남,거제시,한식,식육(숯불구이),황우식육식당,"옥포로4길 9-1 (옥포동, 1,2층)",055-688-3355
경남,거제시,한식,식육(숯불구이),우총각 돈처녀,"아주1로2길 50 (아주동, 1층)",055-681-3028
경남,거제시,한식,식육(숯불구이),인생극장 아주점,"아주1로2길 28 (아주동, 101호)",055-682-3272
경남,거제시,일식,생선회,유메야,"중곡2로4길 23, 1층 (고현동)",055-633-8859
경남,거제시,일식,생선회,어청도일식,"거제중앙로3길 12, 1층 (상동동)",055-636-9985
경남,거제시,일식,생선회,송동월,"장승포해안로 16 (장승포동,(2층))",055-682-5158
경남,거제시,중식,중국식,장춘향,"중곡로1길 22 (고현동,(1층))",055-633-6666
경남,거제시,중식,중국식,타이웨이,"옥포대첩로 50 (옥포동,.9)",055-688-5911
경남,거제시,중식,중국식,중국요리몽&허가밀면,"신부로1길 20 (장승포동,(1층))",055-681-3747
경남,거제시,집단급식소,경양식,대우조선해양(주)외업복지관 식당,거제대로 3370 (아주동),055-680-6113
경남,거제시,한식,한식,부산한방돼지국밥,"사등면 가조로4길 6, 301호",055-633-5191
경남,거제시,한식,일식,수산시장,"장평3로 14, 1층 (장평동)",055-635-9164
경남,거제시,한식,한식,고현장어,"고현로6길 26, 1층 (고현동)",055-634-2535
경남,거제시,한식,기타,류서방,"서문로 17 (고현동,(2층))",055-632-3256
경남,거제시,한식,한식,장어한마리식당,거제중앙로 1912-3 (고현동),055-632-7846
경남,거제시,한식,한식,남다른감자탕고현점,거제중앙로31길 24 (고현동),055-638-2110
경남,거제시,한식,한식,대게일번지,"거제중앙로31길 26-4 (고현동, (1,2층))",055-634-5678
경남,거제시,한식,한식,영덕대게&뉴욕바닷가재,"중곡로3길 43 (고현동,(2층))",055-637-3225
경남,거제시,한식,한식,가마솥보리밥,"거제중앙로5길 18 (고현동,(1층))",055-637-8819
경남,거제시,한식,한식,소요동,문동4길 59 (문동동),055-636-3369
경남,거제시,한식,한식,홍천뚝배기&감자탕옥포점,"옥포대첩로 51 (옥포동, 1동1층)",055-688-1478
경남,거제시,한식,한식,힘찬장어구이,"옥포로20길 34, 1층 (옥포동)",055-687-1392
경남,거제시,한식,한식,하원,"아주1로2길 47 (아주동, 2층)",055-681-8031
경남,거제시,한식,한식,원조두모감자탕,"장승포1로1길 5, 1층 (장승포동)",055-681-1150
경남,거제시,한식,한식,주)거제도싱싱게장,장승포로 10 (장승포동),055-681-5513
경남,거제시,한식,한식,장승포황금어장굴구이,"장승포로2길 29 (장승포동,(1층))",055-681-6151
경남,거제시,한식,한식,원산진국,"일운면 구조라로6길 42, 1층",055-682-1817
경남,거제시,한식,한식,예가,일운면 와현해변길 24-5,055-681-1357
경남,거제시,일식,생선회,명승횟집,"남부면 해금강로 124-1, 1층",055-633-1517
경남,거제시,일식,생선회,해석,"동부면 거제대로 938, 1층",055-636-6900
경남,거제시,일식,생선회,평화횟집,사등면 성포로3길 12,055-632-5124
경남,거제시,일식,생선회,다선옥,"거제중앙로15길 28 (고현동,(1층))",055-634-6776
경남,거제시,일식,생선회,고현횟집,"거제중앙로 1938-4 (고현동,(1층))",055-637-6355
경남,거제시,일식,생선회,나들목횟집,"중곡2로4길 13, 1층 (고현동)",055-638-3334
경남,거제시,일식,생선회,삼송횟집,"중곡로3길 40-3 (고현동,(1층))",055-635-5838
경남,거제시,일식,생선회,가좌도횟집,"중곡로1길 8-2 (고현동, (1층))",055-637-9972
경남,거제시,일식,생선회,한수위횟집,"옥포로2길 43 (옥포동,(2층))",055-687-6999
경남,거제시,일식,생선회,지심도횟집&수산,"장승포로2길 23 (장승포동, 2층)",055-682-0121
경남,거제시,한식,해물뚝배기,삼남매전복과해물뚝배기 장승포점,장승로 146-21 (장승포동),055-681-5988
경남,거제시,한식,식육(숯불구이),포트12(Port12),"장승포로 12 (장승포동, (3층))",055-681-4490
경남,거제시,한식,식육(숯불구이),한우포차식육식당,"고현천로 30, 2층 (고현동, 고현상가)",055-638-4416
경남,양산시,한식,삼계탕,장수녹각삼계탕,물금읍 황산로669,055-387-2800
경남,양산시,한식,숯불갈비,갈비의신,양산시고향의봄로70,055-387-9997
경남,양산시,한식,콩나물국밥,전주콩나물국밥,덕계2길11-8(덕계동),055-388-6280
경남,양산시,한식,삼계탕,장수녹각삼계탕,덕계3길 8(덕계동),055-364-8833
경남,양산시,분식,한방쑥면,윤동균한방쑥면본점,덕계5길 8(덕계동),055-366-7599
경남,양산시,일식,바다회,진송추어탕 덕계점,"덕계로 76, 2동 2층(덕계동)",055-365-0022
경남,양산시,양식,스테이크,에이원칸트리클럽㈜클럽하우스,덕명로 190(매곡동),055-371-3500
경남,양산시,한식,영양돌솥밥,종정헌,동면 석산3길 12,055-366-3373
경남,양산시,한식,숯불갈비,대각정,매곡3길 12-3(매곡동),055-362-4788
경남,양산시,한식,숯불갈비,수정원,명동7길3(명동),055-385-7117
경남,양산시,한식,오리불고기,목화정,물금읍 가촌본리1길 9-3,055-381-9090
경남,양산시,일식,생선회,자연산참가자미회,물금읍 동중1길 35-20,055-372-2445
경남,양산시,한식,낙지볶음,착한낙지 양산점,"물금읍 동중5길 23, 1층",055-363-5456
경남,양산시,한식,오리불고기,황토,물금읍 동중8길 9,055-372-0177
경남,양산시,한식,복요리,양가네복집,"물금읍 삽량로 36, 203호",055-384-5758
경남,양산시,한식,"소갈비,회일식",경원궁&미나미,"물금읍 삽량로 36, 401호",055-383-7767
경남,양산시,한식,추어탕,범어가마솥,물금읍 오봉7길 87,055-372-5757
경남,양산시,한식,훈제오리,어드메,"물금읍 오봉로 95, 1층",055-389-0097
경남,양산시,한식,돼지갈비,화롯가(범어신도시점),"물금읍 화합6길 17, 1층",055-382-9280
경남,양산시,한식,곰탕,시골한우곰탕,북안남1길 23(북부동),055-386-7813
경남,양산시,한식,복매운탕,청해대복,북안남1길 31(북부동),055-389-2345
경남,양산시,한식,부대찌개,놀부부대찌개,북안남2길 5-1(북부동),055-388-8855
경남,양산시,한식,삼겹살,불구이돈양산점,"북안남4길 7, 1층 (북부동)",055-384-3339
경남,양산시,한식,양곱창,수영양곱창,북안남8길 14(북부동),055-388-3413
경남,양산시,한식,쌈밥,동보식당,북안북3길 20(북부동),055-389-1516
경남,양산시,일식,오리고기,동강덕이,북안북6길 14(북부동),055-387-7626
경남,양산시,일식,회초밥,다복미역국,북정로 33(북정동),055-365-7070
경남,양산시,한식,곰탕,우암장식당,북정로 5(북정동),055-385-1679
경남,양산시,한식,재첩국,부산할매재첩국,북정로 8(북정동),055-363-9212
경남,양산시,한식,갈매기살,갈매기먹짱,북정서길 5 (북정동),055-388-1992
경남,양산시,한식,돼지고기,삼겹세대,삼성3길 10(북정동),055-362-9100
경남,양산시,한식,낙지전골,조방낙지,삼성5길 12(북정동),055-385-3653
경남,양산시,한식,양선요리,죽림산방,상북면 대석2길 13,055-374-3392
경남,양산시,한식,해장국,신라해장국,상북면 소토로 77,055-375-8375
경남,양산시,양식,스테이크,델리앙한식,상북면 양산대로 1800-87,055-374-1001
경남,양산시,한식,오리불고기,오투산장,상북면 양산대로 1800-99,055-374-5252
경남,양산시,한식,복매운탕,영광식당,상북면 어곡터널로 207,055-374-2069
경남,양산시,한식,갈비,아름다운세상,상북면 충렬로 804-1,055-375-3901
경남,양산시,분식,밀면,소문난밀면,서일동1길 53-1(중부동),055-366-1183
경남,양산시,일식,회초밥,화림초밥,양산역4길 5(중부동),055-366-1288
경남,양산시,한식,삼겹살,쿠이삼겹살,양주2길 67(중부동),055-362-3909
경남,양산시,일식,생선회,미가자연산횟집,양주2길10(중부동),055-387-8383
경남,양산시,한식,아구찜,대보름생아구찜,양주3길 15-4(중부동),055-385-5240
경남,양산시,한식,오리고기,새동네생고기구이,양주3길45-17(중부동),055-387-5292
경남,양산시,한식,메밀비빕밥,산새도,용당내광로 84(용당동),055-386-8735
경남,양산시,한식,민물매운탕,송강민물매운탕,용암3길 17-8(삼호동),055-365-1497
경남,양산시,한식,오리고기,느티나무집,원동면 배내로 583-1,055-387-4100
경남,양산시,한식,갈비탕,강변가든,원동면 원동로 1712,055-382-9282
경남,양산시,한식,소고기구이,양산축협중부점식육셀프식당,장터2길 4(중부동),055-385-3800
경남,양산시,한식,약선요리,돌담,주진3길 12 (주진동),055-389-2275
경남,양산시,일식,회초밥,어가,"중앙로 285, 1층(북정동)",055-366-4947
경남,양산시,한식,추어탕,진송추어탕,"중앙로 293-1, 1층(북정동)",055-389-1995
경남,양산시,일식,생선회,형산강회센타,중앙우회로 134(북부동),055-382-3135
경남,양산시,한식,소고기구이,한우한마리,중앙우회로 148(북부동),055-366-0092
경남,양산시,한식,아구찜,마산할매아구찜,중앙우회로134(북부동),055-385-9836
경남,양산시,기타,기타음식,성주통도사휴게소,하북면 경부고속도록 31-1,055-383-6147
경남,양산시,한식,소고기구이,경도갈비,하북면 신평남부길101-2,055-382-8051
경남,양산시,한식,황태구이,진부령황태구이,하북면 신평로 122,055-372-3533
경남,양산시,한식,닭요리,코스닭,하북면 월평로 49,055-383-8488
경남,양산시,한식,숯불갈비,감포숯불,하북면 초산3길 33-9,055-383-5215
경남,양산시,한식,숯불갈비,고향의봄,하북면 초산6길 15,055-384-8468
경남,의령군,분식,소바,의령소바,의령읍 의병로 18길 3-5,055-572-0885
경남,의령군,한식,해장국,양평해장국,의령읍 충익로 16-5,055-573-0025
경남,의령군,한식,"보쌈,족발",돼지사랑,의령읍 충익로 34-1,055-573-0331
경남,의령군,기타,삼겹살,육삼숯불촌,의령읍 의병로 260-1,055-572-6363
경남,의령군,한식,오리고기,오리궁,의령읍 벽화로 557,055-573-6100
경남,의령군,한식,오리고기,산마루,대의면 의병대로 241-30,055-574-7722
경남,의령군,기타,소고기,금오암소한마당,대의면 대의로 53-7,055-572-9400
경남,의령군,한식,해물탕,대백해물마을,유곡면 함의로 2256,055-574-4949
경남,의령군,기타,소고기,대의암소갈비식육식당,대의면 대의로 53-18,055-572-9298
경남,함안군,한식,오리탕,산수정,가야읍 검암리 1054,055-583-0350
경남,함안군,중식,"짬뽕, 깐풍기",중화루자금성,가야읍 도항리 351-6,055-583-1711
경남,함안군,한식,돼지국밥,아라곰탕,가야읍 말산로 101,055-582-6466
경남,함안군,한식,소불고기,아라정,가야읍 말산리 527-4,055-583-5596
경남,함안군,한식,불고기,부경갈비,칠북면 이령리 230-26,055-587-4300
경남,함안군,한식,냉 면,칠서 사철 박경순 냉면,칠서면 천계리 704,055-587-2830
경남,함안군,한식,정 식,부강식당,군북면 덕대리 265-4,055-585-7126
경남,함안군,한식,삼계탕,본가삼계탕,산인면 신산리 134,055-582-6464
경남,함안군,한식,불고기,솔밭가든,법수면 윤외리 534-3,055-582-3240
경남,함안군,한식,삼계탕,국보삼계탕,산인면 모곡리 1195-1,055-585-7383
경남,함안군,한식,정식,맛고을한우마당,산인면 송정리 997-1,055-583-2684
경남,함안군,한식,"갈비찜,떡갈비",통마루,칠서면 대치리 315-2,055-586-0110
경남,함안군,한식,"돼지불고기,냉면",조신한촌돼지,칠북면 화천리 142-1,055-587-4411
경남,함안군,한식,추어탕,법성가든식당,법수면 윤내리 442-3,055-584-3272
경남,함안군,한식,소갈비찜,금상첨화,대산면 구혜리 308-7,055-583-9988
경남,함안군,한식,"민물회, 장어구이",대밭회센타,칠서면 계내리 1141-1,055-587-7162
경남,함안군,한식,민물장어,나룻터가는길,법수면 주물리 405-8,055-582-4501
경남,함안군,한식,"버섯전골, 알탕",토담골,산인면 신산리 589-4,055-583-8225
경남,함안군,한식,"돼지,소고기구이",가야정,가야읍 말산리 181-3,055-583-5297
경남,함안군,한식,아구찜,미가찜,가야읍 말산리 176-5,055-584-5482
경남,함안군,한식,한식,㈜큰길함안(순천방향)휴게소,군북면 유현리 990-2외 36필지,055-582-5470
경남,함안군,한식,영양돌솥밥,명문가든,군북면 월촌리 1576-16,055-583-2088
경남,함안군,한식,한식,함안축협 한우프라자 삼칠점,칠원면 용산리 36-12,055-586-7992
경남,함안군,한식,한식,신풍식육식당,법수면 윤외리 177,055-584-2033
경남,함안군,한식,한식,너와촌,칠서면 대치리 324-1,055-586-0120
경남,함안군,한식,동태찌개,이열치열옛날양푼이동태찌게,칠원면 구성리 625-1,055-586-2662
경남,함안군,일식,일식,전원초밥,칠원면 구성리 199-8,055-587-1377
경남,함안군,한식,복국,황토복집,군북면 덕대리 274-3,055-585-7988
경남,함안군,한식,감자탕,통뼈감자탕(삼칠점),칠원면 무기리 939-1,055-587-7700
경남,함안군,한식,"유황녹차,오리불고기",식객,여항면 내곡리 596-37,055-582-8899
경남,함안군,일식,초밥,대어회초밥,칠원면 구성리 665-3외 2필지,055-586-1189
경남,함안군,한식,추어탕,야촌원두막,칠원면 예곡리 617,055-587-8899
경남,함안군,한식,정식,사랑채,여항면 내곡리 446-3,055-585-9252
경남,함안군,한식,"복국,복수육",서울복집,가야읍 말산리 281-1,055-585-5432
경남,함안군,일식,생선회,자연산횟집,가야읍 말산리 288-2,055-585-5757
경남,함안군,한식,순두부찌게,㈜큰길함안(부산방향)휴게소,군북면 유현리 990-2외 36필지,055-582-5470
경남,함안군,한식,오리불고기,오리야 돼지야,"칠서면 무릉리 1122 칠서에이스상가 1층 (112,119)",055-587-0205
경남,함안군,중식,짜장면,요리성,칠원면 구성리 367,055-586-1877
경남,함안군,한식,"돼지국밥,수육",마당쇠 돼지순대국밥,칠원면 구성리 664-1,055-587-9989
경남,함안군,한식,"돼지국밥,수육",마당국밥,가야읍 말산리 236-9,055-582-3507
경남,함안군,한식,"영양돌솥밥,소고기스페셜",은하수생고기,가야읍 검암리 582,055-585-9848
경남,함안군,한식,"한방갈비찜,양평해장국",양평해장국,산인면 신산리 566-2,055-582-2030
경남,함안군,한식,보쌈,대관령보쌈&한우,군북면 소포리 495-5,055-584-7136
경남,함안군,한식,"청둥오리탕,청둥오리양념불고기",낙동강 칠백리,칠서면 용성리 864-11,055-587-5233
경남,함안군,중식,짬봉,큰손짜장,칠서면 삼칠로 555,055-587-6655
경남,함안군,한식,소고기구이.갈비탕,가야숯불구이,가야읍 말산로 15,055-583-8878
경남,함안군,한식,돼지숯불갈비,판문점숯불갈비,칠서면 대치리 321-1(1층),055-587-8692
경남,함안군,한식,"보쌈,부대찌개",놀부보쌈부대찌개함안점,가야읍 성내남길 7-8(2층),055-582-5382
경남,함안군,중식,"수타짜장,짬뽕",비룡,군북면 함마대로 366,055-582-8832
경남,함안군,한식,소고기구이전문점,참하누,칠원면 송평로 480 ,055-232-6292
경남,함안군,중식,"손짜장,짬뽕",천안문,칠원면 예곡리 400-12,055-586-7425
경남,함안군,한식,언양석쇠불고기,고려미담,산인면 산인로 174,055-582-0560
경남,함안군,한식,오리불고기,돈오박,대산면 대산중앙4길 77-1,055-582-5288
경남,함안군,한식,족발,강호맛족(함안점),가야읍 가야로 109,055-585-6669
경남,함안군,뷔페식,한식뷔페,풍성한 밥상,칠원면 용산1길 10,055-587-5018
경남,창녕군,한식,"김치감자탕,시래기감자탕",가얏골감자탕,창녕읍 교리 960-7,055-532-1770
경남,창녕군,한식,한우생고기,가현한우생고기전문점,대지면 효정리 328-1,055-532-9259
경남,창녕군,한식,"청국장, 오리불고기",고궁,창녕읍 탑금당길 16,055-532-0335
경남,창녕군,한식,"돼지갈비,돌솥밥",귀촌마을,창녕읍 교리 968-8,055-533-9600
경남,창녕군,한식,"아구찜,추어탕",금별식당,창녕읍 송현리 261-18,055-532-9393
경남,창녕군,한식,칡냉면,금성칡냉면,창녕읍 술정리 4-2,055-533-9966
경남,창녕군,한식,돼지양념갈비,달맞이,도천면 영산도천로 18-7,055-521-5577
경남,창녕군,한식,안심스테이크,도천진짜순대창녕점,창녕읍 말흘리 248-1,055-533-1915
경남,창녕군,한식,장아찌,도리원,영산면 온천로 103-25,055-521-6116
경남,창녕군,한식,메기매운탕,또만남 메기매운탕,창녕읍 시장2길 23-5,055-533-5331
경남,창녕군,한식,"소토시살(안거미),소불고기, 돼지가브리살",로타리식육식당,영산면 동리 324,055-536-3551
경남,창녕군,한식,자연산활어회,물망초횟집,남지읍 남지리 782-4,055-536-5510
경남,창녕군,한식,"버섯소고기전골, 시골밥상",박통시골밥상,부곡면 거문리 231-1,055-521-3990
경남,창녕군,한식,삼겹살,부생고기전문점,창녕읍 교리 1038-5,055-533-0392
경남,창녕군,한식,"오리불고기, 오리탕",북면자연농원,계성면 영산계성로 397-5,055-521-8858
경남,창녕군,한식,"바다회,회덮밥",삼조원바다횟집,부곡면 온천로 639-1,055-521-2731
경남,창녕군,한식,"소갈비살,산채비빔밥",서울식육식당,부곡면 거문리 224-6,055-536-6369
경남,창녕군,한식,숯불갈비,석정숯불갈비,창녕읍 명덕로 84-1,055-533-1180
경남,창녕군,한식,"바다회,회덮밥",선하회,창녕읍 술정중앙길 18-6,055-533-0505
경남,창녕군,한식,청국장 전문점,양반청국장,창녕읍 말흘리 45-8,055-533-0066
경남,창녕군,한식,"양평해장국, 소내장탕",양평해장국,도천면 송진리 578-1,055-526-0118
경남,창녕군,한식,"소양념갈비,백숙",언양숯불매생이전문점,영산면 서리 150-5,055-536-7999
경남,창녕군,한식,"모듬회,회덮밥",연안바다횟집,남지읍 남지리 763-5,055-536-4252
경남,창녕군,중식,"쟁반짜장, 우동",옛날손짜장,부곡면 부곡리 311-6,055-536-6981
경남,창녕군,한식,"잉어,붕어,메기찜,탕",우포늪식당,유어면 세진리 207-2,055-532-8649
경남,창녕군,한식,한우숯불구이 및 갈비탕,우포한우프라자,계성면 영산계성로 547,055-536-4114
경남,창녕군,한식,"소고기, 돼지고기",월남쌈샤브이야기,남지읍 남지중앙로 83-1,055-526-4296
경남,창녕군,한식,"한우생고기, 돼지고기",자미정숯불생고기,부곡면 온천중앙로 52,055-536-5402
경남,창녕군,한식,"김치찌개, 소고기전골",전주식당,부곡면 온천중앙로 64,055-536-5577
경남,창녕군,한식,"삼계탕,석쇠불고기",조선옥삼계탕,남지읍 남지리 981-8,055-526-1044
경남,창녕군,한식,한우불고기,조은집애인동초한우,영산면 동리 242-6,055-536-6001
경남,창녕군,한식,삼계탕,주왕산삼계탕,창녕읍 화왕산1로 69,055-533-9985
경남,창녕군,한식,"순대전골, 모듬순대",진짜순대집,도천면 일리새긴길 8,055-536-4388
경남,창녕군,한식,"한우쇠고기,된장찌개",창녕대가,창녕읍 말흘리 45-7,055-532-3301
경남,창녕군,한식,한우전문,창녕한우프라자,영산면 죽사리 324-1.345.A동,055-536-0475
경남,창녕군,한식,냉면,통일냉면,도천면 개울길 29-8,055-521-8852
경남,창녕군,일식,"생선회,모밀국수,우동",하나비,창녕읍 말흘리 268-1,055-532-0074
경남,창녕군,한식,등심구이,한우동네식육식당,창녕읍 우포1대로 1606,055-533-3739
경남,창녕군,한식,"촌닭,오리백숙,송이백숙",향촌가든,도천면 덕곡리 290-2,055-536-4450
경남,창녕군,한식,돼지갈비,화덕본가,남지읍 남지중앙1길 17-1,055-521-8592
경남,창녕군,한식,"돼지갈비,소갈비",화왕산갈비마을,창녕읍 송현리 73-6,055-532-9292
경남,창녕군,한식,"수제비,버섯전골",화왕산풀향기식당,창녕읍 자하곡길 75,055-533-9098
경남,창녕군,한식,"한우등심,지리산흑돼지",황부자숯불갈비,부곡면 거문리 215-9.10.11,055-536-5103
경남,창녕군,한식,한우전문,창녕한우,창녕읍 우포2로 1200,055-533-3321
경남,창녕군,한식,"불고기전골,황태전골",흥부네전골,부곡면 거문리 217-5,055-536-0293
경남,고성군,한식,돼지갈비,갈비명가가야골,고성읍 신월로 89,055-674-1237
경남,고성군,한식,모듬회,강바다횟집,회화면 당항길 34-43,055-673-7664
경남 ,고성군,한식,생선회,강변자연산횟집,회화면 회진로 76-11,055-673-0500
경남 ,고성군,한식,돼지갈비,고성축산농협한우프라자2호점,회화면 남해안대로 3762,055-673-9172
경남,고성군,한식,모듬회,고성하모횟집,고성읍 중앙로 73,055-672-0055
경남 ,고성군,한식,한우고기,공룡나라고성한우프라자,고성읍 성내로 43 외 1필지,055-673-3388
경남,고성군 ,한식,생선회,공룡알,고성읍 공룡로 3078,055-674-1158
경남,고성군,한식,생선회,남포로,고성읍 공룡로 3078,055-674-5526
경남,고성군,한식,오리훈제육,늘봄가든,고성읍 송학고분로 21-40,055-674-1321
경남,고성군,한식,돼지불고기,대가저수지가든,고성읍 덕선2길 30,055-674-7612
경남,고성군,양식,"스파게티, 피자",바닷가에햇살한스푼,고성읍 신월로 157,055-673-6160
경남 ,고성군,한식,생선회,바닷길,고성읍 공룡로 3078,055-674-1255
경남 ,고성군,한식,"냉면, 갈비찜",새로운통일냉면,회화면 배둔로 105-4,055-672-9650
경남,고성군,한식,"생고기, 삼겹살",소몰이돈사랑,고성읍 중앙로 32-8,055-674-5558
경남,고성군,한식,한정식,수라한정식,고성읍 동외로 148-13,055-674-0118
경남,고성군,한식,돼지갈비,시군면서서,고성읍 동외로 148-30,055-672-1631
경남 ,고성굱,한식,오리고기,오리랑,회화면 영회로 2209-39,055-673-5299
경남,고성군,한식,자연산모듬회,용골횟집,하이면 덕명5길 44,055-832-3489
경남,고성군,한식,"숯불갈비, 냉면",우성갈비,고성읍 성내로 151번길 4,055-674-4543
경남,고성군,한식,장어구이,우정장어,영오면 오서1길 31,055-673-9229
경남 ,고성군,한식,한정식,정든집,고성읍 남해안대로 2226,055-672-1318
경남 ,고성군,한식,생선회,좌부내,동해면 외산로 635,055-672-1157
경남 ,고성군,한식,오리불고기,주남오리궁,고성읍 성내로 76,055-674-3775
경남,고성군,한식,야채쌈밥정식,참그맛이향쌈밥,고성읍 성내로 143번길 6,055-673-6133
경남,고성군,한식,"염소, 오리불고기",천왕산가든,고성읍 상정대로 532-88,055-672-2853
경남,고성군,한식,한정식,초가한정식,고성읍 기월2길 71-66,055-672-9003
경남 ,고성군,한식,"칼국수, 흑돼지삼겹살",팔송정식당,상리면 무선4길 3,055-673-7977
경남,고성군,한식,삼계탕,공룡전복삼계탕,하이면 남일로 418,055-835-9396
경남,고성군,한식,"쇠고기구이, 삼겹살",한우사랑,고성읍 신월4길 5-26,055-673-4290
경남,고성군,한식,"돼지고기, 주꾸미, 냉면",해밀,"거류면 당동6길 17, 102호",055-672-7675
경남,고성군,한식,"자연산모듬회, 매운탕",해변횟집,거류면 당동해안길 38,055-672-2155
경남,고성군,한식,한정식,캠프흙시루가든,하이면 사곡3길 48,055-832-8822
경남,고성군,한식,생선회,당항포그린횟집,회화면 당항만로 967,055-673-2456
경남,고성군,한식,"삼겹살, 한우갈비",한우마당,고성읍 기월1길 12,055-672-3245
경남,고성군,한식,"멸치회, 쌈밥정식",봄,동해면 내산2길 26-4,055-673-3359
경남,고성군,한식,"곰탕, 설렁탕",이황가,개천면 연화산1로 594,055-672-0362
경남,고성군,일식,"일식, 초밥",원궁,고성읍 중앙로 53,055-674-2260
경남,고성군,양식,스파게티,쉐프네,고성읍 동외로156번길 31,055-673-5105
경남,고성군,중식,"중국식 , 쟁반짜장",짜장박사,상리면 부포4길 41,055-674-6555
경남,남해군,한식,"연잎밥, 대통밥",남해 대청마루,삼동면 동부대로 1293,055-867-0248
경남,남해군,한식,마늘삼계탕,재두식당,상주면 남해대로 918-6,055-862-6022
경남,남해군,기타,"생선회, 매운탕",생선횟집,설천면 노량로183번길 22,055-862-2627
경남,남해군,일식,"생선회,초밥",만복초밥,남해읍 화전로38번길 25-1,055-864-6801
경남,남해군,기타,생선회,하나로횟집,상주면 상주로 12-6,055-862-2166
경남,남해군,기타,생선회,오륙도회센타,미조면 미송로 38,055-867-5699
경남,남해군,기타,"한정식, 영양돌솥밥, 창선고사리 육개장",수정숯불갈비,창선면 창선로66번길 6-11,055-867-4416
경남,남해군,기타,"생선회,매운탕",촌놈횟집,미조면 미조로 22,055-867-4977
경남,남해군,기타,생선회,상주바다횟집,상주면 남해대로675번길 75,055-863-5226
경남,남해군,분식,칼국수,좋은인연,남해읍 망운로 7,055-863-1213
경남,남해군,기타,"생선회,회덮밥",제일횟집,설천면 노량로183번길 10,055-862-2484
경남,남해군,기타,생선회,철따라맛따라 남해어장횟집,상주면 남해대로675번길 76,055-863-0166
경남,남해군,기타,"생선회, 매운탕",파도횟집,이동면 남해대로 1588,055-862-0710
경남,남해군,기타,"생선회,매운탕",대구횟집,설천면 노량로183번길 20,055-862-3747
경남,남해군,한식,"백숙(오리,닭)",산마루가든,고현면 화방로 332-7,055-862-3004
경남,남해군,한식,"장어구이, 장어탕",박가부대찌개,남해읍 남해대로 2770,055-862-5594
경남,남해군,기타,"생선회,매운탕",보물선횟집,창선면 동부대로2964번길 53 (1층),055-867-0646
경남,남해군,기타,"생선회, 매운탕",단학횟집,"창선면 동부대로2964번길 49-3 (외2필지(11-1,1072-4) 1,2층)",055-867-7220
경남,남해군,기타,"생선회,물회",보물성횟집,미조면 미송로 40 (외1필지(105-22) 1층),055-867-8566
경남,남해군,기타,생선회,바다향기회센타,"미조면 미조로 2 ((1,2층))",055-867-4447
경남,남해군,기타,멸치쌈밥,남해 어부림,"삼동면 동부대로 1126 (1동(2층),2동(1층))",055-867-3362
경남,남해군,기타,생선회,전망대횟집,남면 남서대로 1379,055-863-5703
경남,남해군,기타,"생고기, 돼지갈비",용궁정숯불갈비,이동면 무림로 89-12,055-863-0229
경남,남해군,기타,"쫄복탕, 복국",햇살복집,삼동면 동부대로 1043,055-867-1320
경남,남해군,한식,"보쌈,생선구이",미소담,남해읍 화전로 152,055-864-1655
경남,남해군,한식,"멸치쌈밥, 정식",가산식당,미조면 미조로 244 (1층),055-867-5775
경남,남해군,기타,소고기,남해암소한마당,이동면 강진만로 200-6,055-863-9999
경남,남해군,한식,"멸치쌈밥, 두부",남해향촌,삼동면 동부대로 1278,055-867-7791
경남,남해군,한식,"멸치쌈밥, 멸치회",나들길,삼동면 동부대로 1868,055-867-3421
경남,남해군,한식,전복죽,팔도 전복죽· 해물,미조면 미송로 54,055-867-4475
경남,남해군,한식,"생선구이정식, 멸치쌈밥",풍운정,"삼동면 동부대로 1587, 2층",055-867-0204
경남,남해군,중식,"탕수육, 짜장면, 짬뽕",이화원,상주면 상주로74번길 3-4,055-863-1101
경남,남해군,한식,멸치쌈밥,남해 사랑채,"이동면 남해대로1567번길 12, 2층",055-863-5244
경남,하동군,한식,"재첩국, 재첩회",원조재첩국나루터식당,고전면 재첩길 286,055-882-1370
경남,하동군,한식,"재첩정식, 재첩회",원조강변할매재첩국식당,고전면 재첩길 286-1,055-882-1369
경남,하동군,한식,"정식, 된장찌개,",섬진강식당,고전면 재첩길 237,055-883-0247
경남,하동군,한식,"대구탕, 정식, 찜",용궁식당,하동읍 굴다리2길 49,055-884-4691
경남,하동군,한식,"산채정식, 된장찌개, 정식",쉬어가기 좋은 날,화개면 쌍계사길 6,055-883-4375
경남,하동군,한식,"돼지갈비, 정식, 된장찌개",금성숯불갈비,금성면 신도길 124,055-883-3834
경남,하동군,한식,"정식, 된장찌개. 김치찌개",청운식당,화개면 쌍계사길 6,055-883-1666
경남,하동군,한식,"옺닭, 삼게탕",범바구집,하동읍 범바위길 1,055-884-4583
경남,하동군,한식,"참게가리장, 재첩국",섬진강횟집,하동읍 섬진강대로 2539-8,055-883-5527
경남,하동군,한식,"참게가리장, 재첩국",돌팀이횟집,하동읍 섬진강대로 2576,055-883-5523
경남,하동군,한식,"재첩국, 참게탕",이화가든,하동읍 섬진강대로 2507,055-884-0075
경남,하동군,한식,"은어밥, 참게탕",혜성식당,화개면 화개로 48,055-883-2140
경남,하동군,한식,"백숙, 정식",청뫼산장,청암면 청학로 2524,055-884-2869
경남,하동군,한식,"정식, 국수, 돈까스",오케이 빌리지,청암면 청학로 1825-5,055-884-6760
경남,하동군,일식,"회, 매운탕",회성회센타,금남면 쇠끝길 10,055-882-0491
경남,하동군,일식,"회, 정식, 매운탕",일송정회센타,진교면 술상길 171-9,055-883-2874
경남,하동군,일식,"횟집, 매운탕",큰바다횟집,금남면 노량해안길 155,055-882-1500
경남,하동군,일식,"회,매운탕",부두횟집,하동읍 부두길 19-20,055-883-8388
경남,하동군,한식,"재첩국, 재첩회",하동아지매재첩식당,고전면 재첩길 110,055-882-1117
경남,하동군,한식,쌈밥정식,매실떡갈비,하동읍 중앙로 108,055-883-8118
경남,하동군,한식,"재첩국, 재첩회무침",하동원조할매재첩식당,하동읍 섬진강대로 1686,055-884-1034
경남,하동군,한식,"정식, 삼겹살 김치찌개",하동솔잎돼지,횡천면 횡보길 2-6,055-884-1889
경남,하동군,일식,"회, 매운탕",덕원회센타,금남면 노량해안길 37,055-882-0262
경남,하동군,한식,"돼지고기, 소고기",하동솔잎한우프라자,고전면 하동읍성로 9,055-884-1515
경남,하동군,일식,"회, 매운탕",제일회센타,금남면 노량해안길 217,055-882-0301
경남,하동군,일식,"초밥, 회,매운탕",하동갈매기 회초밥,진교면 경충로 1051,055-883-8454
경남,하동군,한식,"재첩국, 참게정식",향원식당,화개면 쌍계로 14,055-883-4868
경남,산청군,한식,"메기찜,자라탕",강변식당,산청읍 꽃봉산로 30-5,055-973-2346
경남,산청군,한식,쏘가리탕,남원식당,생초면 산수로 1018,055-972-1606
경남,산청군,중식,"중화요리(짜장면,우동",아리산반점,산청읍 친환경로 2655,055-973-8097
경남,산청군,한식,피리쪼림,물레방아식당,시천면 남명로 59-8,055-972-8290
경남,산청군,한식,산채한정식,보현갈비식육식당,시천면 남명로 223,055-972-8000
경남,산청군,한식,"복국, 족발, 복수육",한양왕족발복어,신안면 원지강변로 105-1,055-972-6872
경남,산청군,한식,"한방오리백숙, 닭백숙",갑을식당,삼장면 평촌유평로 572,055-973-0053
경남,산청군,한식,"다슬기탕, 백숙, 메기탕",조개골산장,삼장면 평촌유평로 943,055-973-5425
경남,산청군,한식,생선정식,할매곰탕,산청읍 중앙로2번길 9,055-973-0505
경남,산청군,한식,"산채비빔밥, 육게장",(주)대교산청(상)휴게소,단성면 통영대전고속도로 76,055-973-5970
경남,산청군,한식,"산채비빔밥, 육게장",(주)대교산청(하)휴게소,단성면 통영대전고속도로 77,055-973-9036
경남,산청군,한식,"홍화특미, 영양돌솥밥",홍화원식당,신안면 둔철산로 39,055-973-9555
경남,산청군,한식,소고기 구이,물장구식육식당,생비량면 지리산대로 4285,055-973-8333
경남,산청군,한식,"육류구이,한방갈비곰",영도숯불갈비,신안면 원지강변로63번길 6,055-973-9284
경남,산청군,기타,우럭찜,만포정횟집,신안면 원지강변로 67-15,055-973-3666
경남,산청군,한식,약초사슴요리. 유황오리,개미정산장식당,시천면 지리산대로 1387,055-972-7777
경남,산청군,한식,"홍화새싹비빔밥, 홍화칼국수",홍화약초식당,신안면 둔철산로 39,055-973-9556
경남,산청군,한식,한우생고기구이.소고기국밥,생진식육가든,생비량면 지리산대로 4117,055-972-1196
경남,산청군,한식,"오리불고기, 흑돼지구이",지리산장당계곡식당,삼장면 덕산대포로245번길 152,055-973-8428
경남,산청군,한식,오리불고기,오리하우스,신안면 원지로 178,055-974-2525
경남,산청군,한식,"영실한우명품스페셜,영실한우명품모둠,영실한우꽃등심",영실한우프라자,단성면 목화로 912,055-974-3118
경남,산청군,한식,"약선한상,약선코스요리,약선특반상,약선수라반상",동의약선관,금서면 동의보감로555번길 150,055-972-7730
경남,산청군,뷔페식,한식뷔페,열매랑 뿌리랑 정식뷔페,시천면 남명로 228,055-972-6971
경남,산청군,한식,"해삼물전골,소불고기낙지전골,비빔밥",오감원 레스토랑,금서면 동의보감로479번길 43,055-972-7000
경남,함양,한식,멸치쌈밥,안의원조갈비집,안의면 광풍로 127-2,055-962-0666
경남,함양,한식,"갈비탕, 갈비찜",안의갈비탕,안의면 강변로 317,055-962-4333
경남,함양,한식,"곱창전골, 불고기백반",갑을식당,함양읍 함양로 1106,055-962-3540
경남,함양,한식,멸치쌈밥,대웅,함양읍 용평중앙길 11-2,055-963-2154
경남,함양,한식,샤브샤브,쌈촌구이&샤브,함양읍 학사루3길 18-1,055-963-8149
경남,함양,한식,"메기메운탕, 메기찜",수동메기메운탕,수동면 거함대로 621,055-963-5536
경남,함양,한식,멸치쌈밥,상림숯불갈비,함양읍 서위천길 29,055-963-6674
경남,함양,한식,멸치쌈밥,샤브향함양점,함양읍 동위천1길 5,055-963-8149
경남,함양,한식,"바다회, 물메기탕, 대구탕",청정해역,함양읍 중앙시장길 2-16,055-962-2283
경남,함양,한식,멸치쌈밥,청해수산,함양읍 용평길 12-4,055-963-8120
경남,함양,한식,한정식,청학산,함양읍 함양로 619-6,055-962-4281
경남,함양,중식,멸치쌈밥,신화루,함양읍 상림3길 6,055-964-6633
경남,함양,한식,멸치쌈밥,노가면옥,함양읍 용평길 35,055-964-0340
경남,함양,한식,멸치쌈밥,24시 1004 화로구이,함양읍 필봉산길 63,055-963-2607
경남,함양,한식,멸치쌈밥,바우석쇠,함양읍 용평1길 9,055-964-2208
경남,함양,한식,멸치쌈밥,연밭식육식당,함양읍 학사루1길 1,055-963-8890
경남,함양,한식,오곡정식,늘봄가든,함양읍 필봉산길 65,055-962-6996
경남,함양,한식,"낙지전골, 낙지해물칼국수",도야낙지,함양읍 용평길 11-11,055-963-3844
경남,함양,한식,멸치쌈밥,삼순이네 돌판아구찜 복어요리,함양읍 용평길 31-3,055-964-2514 
경남,함양,한식,"닭갈비, 흑미삼계탕",닭이봉,함양읍 함양로 1148,055-962-1707
경남,함양,한식,한우전문,함양산청축협한우프라자,함양읍 뇌계길 6,055-964-0622
경남,함양,한식,멸치쌈밥,예가원,함양읍 함양로 1243,055-963-8700
경남,함양,한식,멸치쌈밥,예다믄,함양읍 필봉산길 60,055-964-0339
경남,함양,한식,"초계막국수, 궁중한방오리",농월초계탕,안의면 육십령로 3102,055-962-4945
경남,함양,한식,멸치쌈밥,해원복국,함양읍 함양로 1257,055-964-6262
경남,함양,한식,멸치쌈밥,화림골,서상면 칠형정뒷길 6,055-964-3009
경남,거창군,양식,"스테이크,스파게티",레아모,거창읍 아림로 32-1,055-943-9282
경남,거창군,한식,복매운탕,풍전복집,거창읍 상동2길 9,055-942-7572
경남,거창군,한식,복매운탕,거창복어,거창읍 공수들1길 23,055-942-7781
경남,거창군,한식,"복지리, 생지리",대성복·찜전문점,거창읍 소만2길 28-4,055-943-5457
경남,거창군,기타,한우생고기,동막골한우숯불촌,거창읍 대평3길 58,055-945-3369
경남,거창군,기타,애우생고기,애우전문점 거창축협한우팰리스,거창읍 거함대로 3178 (외 1필지),055-943-9203
경남,거창군,기타,"한우꽃등심, 암돼지삼겹살",수승대임정은가든,위천면 송계로 363,055-941-0952
경남,거창군,한식,오리불고기,명동오리,가조면 가조가야로 1129,055-943-5293
경남,거창군,기타,소고기모듬. 소고기특선,푸줏간,거창읍 소만2길 53,055-943-0287
경남,거창군,기타,생삼겹살,원미정,거창읍 소만3길 38,055-943-2387
경남,거창군,일식,송어회,월성횟집,북상면 깊은골길 23,055-945-1038
경남,거창군,일식,바다모듬회,사량도,거창읍 거열로4길 7-24,055-944-8473
경남,거창군,중식,해물쟁반짜장,상해,거창읍 중앙로1길 42,055-944-0077
경남,거창군,중식,탕수육,청운각,거창읍 수남로 2216,055-944-3237
경남,거창군,기타,생삼겹살,쌍쌍식육식당,가조면 가조가야로 1096,055-943-2428
경남,거창군,한식,해물닭찜,건계정,거창읍 거안로 1173-21,055-944-7833
경남,거창군,한식,갈비찜,삼산이수,거창읍 내학길 35-4,055-942-0103
경남,거창군,한식,생오리숯불구이,팔공산오리,거창읍 창동로 81,055-943-8057
경남,거창군,기타,한우생고기,외양간구시,거창읍 거열로4길 123,055-944-4900
경남,거창군,기타,"생삼겹살,목살",부경숯불가든,거창읍 공수들1길 77,055-941-0607
경남,거창군,기타,우렁쌈밥,왕우렁쌈밥,거창읍 거함대로5길 71,055-945-3042
경남,거창군,한식,족발보쌈,장충동왕족발보쌈,거창읍 거창대로 34,055-945-3300
경남,거창군,한식,굴뚝배기,모려촌24시생굴뚝배기전문점,거창읍 상동길 50,055-943-0902
경남,거창군,한식,추어탕,금호추어탕,거창읍 강남로1길 196-6,055-944-8005
경남,거창군,한식,한방백숙,옥계촌,북상면 덕유월성로 1968,055-942-5197
경남,거창군,한식,산나물정식,남덕유산대표산나물집,북상면 덕유월성로 1173,055-944-5351
경남,거창군,한식,해물찜,고래불해물찜,거창읍 공수들3길 38,055-944-9779
경남,거창군,한식,황태구이,우성댓잎,거창읍 상동길 31,055-945-1140
경남,거창군,기타,생삽겹살,흑돈,거창읍 공수들1길 56,055-943-6787
경남,거창군,한식,콩나물국밥,㈜엠에스 거창상휴게소,가조면 가조가야로 1523,055-943-0992
경남,거창군,한식,된장찌개,㈜엠에스 거창하휴게소,가조면 가조가야로 1543-81,055-943-0992
경남,거창군,기타,참숯바베큐치킨,훌랄라치킨,거창읍 강변로 123,055-944-0093
경남,거창군,기타,돼지갈비,항아리왕갈비,거창읍 강변로 285,055-944-0043
경남,거창군,한식,소고기샤브,꽃마름거창점,거창읍 거창대로 77,055-942-3522
경남,거창군,한식,누룽지백숙,운정골,거창읍 운정1길 114,055-944-5311
경남,거창군,양식,스파게티,파스타부오노(거창점),거창읍 아림로1길 9,055-945-2772
경남,거창군,한식,닭갈비,유가네닭갈비거창점,거창읍 중앙로 75,055-945-3390
경남,거창군,양식,고르곤졸라피자,실로암,거창읍 중앙로 63,055-944-4714
경남,거창군,한식,한정식,평사리한정식,거창읍 소만1길 31,055-945-1280
경남,거창군,일식,모듬회,미가도,거창읍 소만3길 35-20,055-945-3553
경남,거창군,한식,냉면,제주냉면,거창읍 강남로 54,055-944-7898
경남,거창군,양식,스테이크,블루마리,마리면 거안로 1084 ,055-943-9431
경남,합천군,한식,한우,대식한우명가,용주면 합천호수로 873,055-934-0907
경남,합천군,한식,돼지고기,합천명품토종흑돼지,가야면 가야시장로 106,055-932-6055
경남,합천군,한식,돼지고기,수미정식당,가야면 가조가야로 2880,055-931-1613
경남,합천군,한식,비빔밥,부산식당,가야면 치인1길 8,055-932-7358
경남,합천군,한식,비빔밥,고바우식당,가야면 치인1길 13-5,055-931-7311
경남,합천군,한식,비빔밥,백운식당,가야면 치인2길 27,055-932-7393
경남,합천군,한식,정식,당신이있어좋은세상,가회면 황매산로 58-22,055-934-2024
경남,합천군,한식,민물회,유성가든식당,대병면 서부로 2081,055-933-7055
경남,합천군,한식,북어찜,북어마을,대병면 회양관광단지길 34,055-934-0666
경남,합천군,한식,정식,토속식당,대병면 회양관광잔지길 36-1,055-933-0126
경남,합천군,한식,찜갈비,합천명품토종돼지,묘산면 묘산로 215,055-933-1180
경남,합천군,한식,한우모듬,삼가명품한우,삼가면 서부로 39,055-931-5004
경남,합천군,한식,한우모듬,대가식당1호점,삼가면 일부3길 8,055-931-0688
경남,합천군,한식,한우모듬,태영식육시당,삼가면 일부5길 13,055-931-9399
경남,합천군,한식,장어구이,석수정,삼가면 합천대로 463,055-933-4633
경남,합천군,한식,정식,청솔음식마을,청덕면 동부로 2488-6,055-934-1178
경남,합천군,한식,삼겹살,동원가든,초계면 초계중앙로 75,055-931-7559
경남,합천군,한식,장어구이,방천장어식당,합천읍 강변로 69,055-931-2287
경남,합천군,한식,만물장어,합천민물숯불장어,합천읍 남정길 49,055-933-5252
경남,합천군,한식,찜갈비,합천명품돼지,합천읍 남정길 82,055-933-2900
경남,합천군,일식,바다회,바다횟집,합천읍 동서로 85-1,055-932-6556
경남,합천군,한식,한우모듬,합천황토한우프라자,합천읍 동서로 96,055-931-1692
경남,합천군,한식,돼지국밥,3.3국밥전문점,합천읍 문화로 7,055-931-3321
경남,합천군,한식,돼지국밥,원조장원국밥,합천읍 문화로 9,055-931-3321
경남,합천군,한식,한우모듬,황금나무숯불갈비,합천읍 옥산로 15,055-931-2934
경남,합천군,한식,오리훈제,합천가든,합천읍 옥산로 26,055-931-5288
경남,합천군,한식,삼겹살,참숯골,합천읍 옥산로 31,055-932-8592
경남,합천군,한식,삼겹살,옥산식육식당,합천읍 옥산로 43-9,055-933-0304
경남,합천군,한식,삼겹살,부자돼지,합천읍 옥산로 84,055-931-5885
경남,합천군,한식,메기매운탕,약천메기탕,합천읍 충효로 113,055-933-8253
경남,합천군,중식,탕수육,비룡요리왕,삼가면 삼가로 161,055-933-3296
경남,합천군,한식,산채비빔밥,금호관,가야면 가야산로 1183,055-933-3292
